--
-- PostgreSQL database dump
--

-- Dumped from database version 16.3
-- Dumped by pg_dump version 16.3

-- Started on 2024-09-22 14:39:16

SET statement_timeout = 0;
SET lock_timeout = 0;
SET idle_in_transaction_session_timeout = 0;
SET client_encoding = 'UTF8';
SET standard_conforming_strings = on;
SELECT pg_catalog.set_config('search_path', '', false);
SET check_function_bodies = false;
SET xmloption = content;
SET client_min_messages = warning;
SET row_security = off;

--
-- TOC entry 2 (class 3079 OID 16384)
-- Name: adminpack; Type: EXTENSION; Schema: -; Owner: -
--

CREATE EXTENSION IF NOT EXISTS adminpack WITH SCHEMA pg_catalog;


--
-- TOC entry 5188 (class 0 OID 0)
-- Dependencies: 2
-- Name: EXTENSION adminpack; Type: COMMENT; Schema: -; Owner: 
--

COMMENT ON EXTENSION adminpack IS 'administrative functions for PostgreSQL';


SET default_tablespace = '';

SET default_table_access_method = heap;

--
-- TOC entry 223 (class 1259 OID 16420)
-- Name: auth_group; Type: TABLE; Schema: public; Owner: postgres
--

CREATE TABLE public.auth_group (
    id integer NOT NULL,
    name character varying(150) NOT NULL
);


ALTER TABLE public.auth_group OWNER TO postgres;

--
-- TOC entry 222 (class 1259 OID 16419)
-- Name: auth_group_id_seq; Type: SEQUENCE; Schema: public; Owner: postgres
--

ALTER TABLE public.auth_group ALTER COLUMN id ADD GENERATED BY DEFAULT AS IDENTITY (
    SEQUENCE NAME public.auth_group_id_seq
    START WITH 1
    INCREMENT BY 1
    NO MINVALUE
    NO MAXVALUE
    CACHE 1
);


--
-- TOC entry 225 (class 1259 OID 16428)
-- Name: auth_group_permissions; Type: TABLE; Schema: public; Owner: postgres
--

CREATE TABLE public.auth_group_permissions (
    id bigint NOT NULL,
    group_id integer NOT NULL,
    permission_id integer NOT NULL
);


ALTER TABLE public.auth_group_permissions OWNER TO postgres;

--
-- TOC entry 224 (class 1259 OID 16427)
-- Name: auth_group_permissions_id_seq; Type: SEQUENCE; Schema: public; Owner: postgres
--

ALTER TABLE public.auth_group_permissions ALTER COLUMN id ADD GENERATED BY DEFAULT AS IDENTITY (
    SEQUENCE NAME public.auth_group_permissions_id_seq
    START WITH 1
    INCREMENT BY 1
    NO MINVALUE
    NO MAXVALUE
    CACHE 1
);


--
-- TOC entry 221 (class 1259 OID 16414)
-- Name: auth_permission; Type: TABLE; Schema: public; Owner: postgres
--

CREATE TABLE public.auth_permission (
    id integer NOT NULL,
    name character varying(255) NOT NULL,
    content_type_id integer NOT NULL,
    codename character varying(100) NOT NULL
);


ALTER TABLE public.auth_permission OWNER TO postgres;

--
-- TOC entry 220 (class 1259 OID 16413)
-- Name: auth_permission_id_seq; Type: SEQUENCE; Schema: public; Owner: postgres
--

ALTER TABLE public.auth_permission ALTER COLUMN id ADD GENERATED BY DEFAULT AS IDENTITY (
    SEQUENCE NAME public.auth_permission_id_seq
    START WITH 1
    INCREMENT BY 1
    NO MINVALUE
    NO MAXVALUE
    CACHE 1
);


--
-- TOC entry 227 (class 1259 OID 16434)
-- Name: auth_user; Type: TABLE; Schema: public; Owner: postgres
--

CREATE TABLE public.auth_user (
    id integer NOT NULL,
    password character varying(128) NOT NULL,
    last_login timestamp with time zone,
    is_superuser boolean NOT NULL,
    username character varying(150) NOT NULL,
    first_name character varying(150) NOT NULL,
    last_name character varying(150) NOT NULL,
    email character varying(254) NOT NULL,
    is_staff boolean NOT NULL,
    is_active boolean NOT NULL,
    date_joined timestamp with time zone NOT NULL
);


ALTER TABLE public.auth_user OWNER TO postgres;

--
-- TOC entry 229 (class 1259 OID 16442)
-- Name: auth_user_groups; Type: TABLE; Schema: public; Owner: postgres
--

CREATE TABLE public.auth_user_groups (
    id bigint NOT NULL,
    user_id integer NOT NULL,
    group_id integer NOT NULL
);


ALTER TABLE public.auth_user_groups OWNER TO postgres;

--
-- TOC entry 228 (class 1259 OID 16441)
-- Name: auth_user_groups_id_seq; Type: SEQUENCE; Schema: public; Owner: postgres
--

ALTER TABLE public.auth_user_groups ALTER COLUMN id ADD GENERATED BY DEFAULT AS IDENTITY (
    SEQUENCE NAME public.auth_user_groups_id_seq
    START WITH 1
    INCREMENT BY 1
    NO MINVALUE
    NO MAXVALUE
    CACHE 1
);


--
-- TOC entry 226 (class 1259 OID 16433)
-- Name: auth_user_id_seq; Type: SEQUENCE; Schema: public; Owner: postgres
--

ALTER TABLE public.auth_user ALTER COLUMN id ADD GENERATED BY DEFAULT AS IDENTITY (
    SEQUENCE NAME public.auth_user_id_seq
    START WITH 1
    INCREMENT BY 1
    NO MINVALUE
    NO MAXVALUE
    CACHE 1
);


--
-- TOC entry 231 (class 1259 OID 16448)
-- Name: auth_user_user_permissions; Type: TABLE; Schema: public; Owner: postgres
--

CREATE TABLE public.auth_user_user_permissions (
    id bigint NOT NULL,
    user_id integer NOT NULL,
    permission_id integer NOT NULL
);


ALTER TABLE public.auth_user_user_permissions OWNER TO postgres;

--
-- TOC entry 230 (class 1259 OID 16447)
-- Name: auth_user_user_permissions_id_seq; Type: SEQUENCE; Schema: public; Owner: postgres
--

ALTER TABLE public.auth_user_user_permissions ALTER COLUMN id ADD GENERATED BY DEFAULT AS IDENTITY (
    SEQUENCE NAME public.auth_user_user_permissions_id_seq
    START WITH 1
    INCREMENT BY 1
    NO MINVALUE
    NO MAXVALUE
    CACHE 1
);


--
-- TOC entry 233 (class 1259 OID 16506)
-- Name: django_admin_log; Type: TABLE; Schema: public; Owner: postgres
--

CREATE TABLE public.django_admin_log (
    id integer NOT NULL,
    action_time timestamp with time zone NOT NULL,
    object_id text,
    object_repr character varying(200) NOT NULL,
    action_flag smallint NOT NULL,
    change_message text NOT NULL,
    content_type_id integer,
    user_id integer NOT NULL,
    CONSTRAINT django_admin_log_action_flag_check CHECK ((action_flag >= 0))
);


ALTER TABLE public.django_admin_log OWNER TO postgres;

--
-- TOC entry 232 (class 1259 OID 16505)
-- Name: django_admin_log_id_seq; Type: SEQUENCE; Schema: public; Owner: postgres
--

ALTER TABLE public.django_admin_log ALTER COLUMN id ADD GENERATED BY DEFAULT AS IDENTITY (
    SEQUENCE NAME public.django_admin_log_id_seq
    START WITH 1
    INCREMENT BY 1
    NO MINVALUE
    NO MAXVALUE
    CACHE 1
);


--
-- TOC entry 219 (class 1259 OID 16406)
-- Name: django_content_type; Type: TABLE; Schema: public; Owner: postgres
--

CREATE TABLE public.django_content_type (
    id integer NOT NULL,
    app_label character varying(100) NOT NULL,
    model character varying(100) NOT NULL
);


ALTER TABLE public.django_content_type OWNER TO postgres;

--
-- TOC entry 218 (class 1259 OID 16405)
-- Name: django_content_type_id_seq; Type: SEQUENCE; Schema: public; Owner: postgres
--

ALTER TABLE public.django_content_type ALTER COLUMN id ADD GENERATED BY DEFAULT AS IDENTITY (
    SEQUENCE NAME public.django_content_type_id_seq
    START WITH 1
    INCREMENT BY 1
    NO MINVALUE
    NO MAXVALUE
    CACHE 1
);


--
-- TOC entry 217 (class 1259 OID 16398)
-- Name: django_migrations; Type: TABLE; Schema: public; Owner: postgres
--

CREATE TABLE public.django_migrations (
    id bigint NOT NULL,
    app character varying(255) NOT NULL,
    name character varying(255) NOT NULL,
    applied timestamp with time zone NOT NULL
);


ALTER TABLE public.django_migrations OWNER TO postgres;

--
-- TOC entry 216 (class 1259 OID 16397)
-- Name: django_migrations_id_seq; Type: SEQUENCE; Schema: public; Owner: postgres
--

ALTER TABLE public.django_migrations ALTER COLUMN id ADD GENERATED BY DEFAULT AS IDENTITY (
    SEQUENCE NAME public.django_migrations_id_seq
    START WITH 1
    INCREMENT BY 1
    NO MINVALUE
    NO MAXVALUE
    CACHE 1
);


--
-- TOC entry 234 (class 1259 OID 16534)
-- Name: django_session; Type: TABLE; Schema: public; Owner: postgres
--

CREATE TABLE public.django_session (
    session_key character varying(40) NOT NULL,
    session_data text NOT NULL,
    expire_date timestamp with time zone NOT NULL
);


ALTER TABLE public.django_session OWNER TO postgres;

--
-- TOC entry 282 (class 1259 OID 41499)
-- Name: django_site; Type: TABLE; Schema: public; Owner: postgres
--

CREATE TABLE public.django_site (
    id integer NOT NULL,
    domain character varying(100) NOT NULL,
    name character varying(50) NOT NULL
);


ALTER TABLE public.django_site OWNER TO postgres;

--
-- TOC entry 281 (class 1259 OID 41498)
-- Name: django_site_id_seq; Type: SEQUENCE; Schema: public; Owner: postgres
--

ALTER TABLE public.django_site ALTER COLUMN id ADD GENERATED BY DEFAULT AS IDENTITY (
    SEQUENCE NAME public.django_site_id_seq
    START WITH 1
    INCREMENT BY 1
    NO MINVALUE
    NO MAXVALUE
    CACHE 1
);


--
-- TOC entry 286 (class 1259 OID 41540)
-- Name: main_appsetting; Type: TABLE; Schema: public; Owner: postgres
--

CREATE TABLE public.main_appsetting (
    id bigint NOT NULL,
    logo_img character varying(100) NOT NULL
);


ALTER TABLE public.main_appsetting OWNER TO postgres;

--
-- TOC entry 285 (class 1259 OID 41539)
-- Name: main_appsetting_id_seq; Type: SEQUENCE; Schema: public; Owner: postgres
--

ALTER TABLE public.main_appsetting ALTER COLUMN id ADD GENERATED BY DEFAULT AS IDENTITY (
    SEQUENCE NAME public.main_appsetting_id_seq
    START WITH 1
    INCREMENT BY 1
    NO MINVALUE
    NO MAXVALUE
    CACHE 1
);


--
-- TOC entry 268 (class 1259 OID 41296)
-- Name: main_assignsubscriber; Type: TABLE; Schema: public; Owner: postgres
--

CREATE TABLE public.main_assignsubscriber (
    id bigint NOT NULL,
    trainer_id bigint NOT NULL,
    user_id integer
);


ALTER TABLE public.main_assignsubscriber OWNER TO postgres;

--
-- TOC entry 267 (class 1259 OID 41295)
-- Name: main_assignsubscriber_id_seq; Type: SEQUENCE; Schema: public; Owner: postgres
--

ALTER TABLE public.main_assignsubscriber ALTER COLUMN id ADD GENERATED BY DEFAULT AS IDENTITY (
    SEQUENCE NAME public.main_assignsubscriber_id_seq
    START WITH 1
    INCREMENT BY 1
    NO MINVALUE
    NO MAXVALUE
    CACHE 1
);


--
-- TOC entry 238 (class 1259 OID 24736)
-- Name: main_banners; Type: TABLE; Schema: public; Owner: postgres
--

CREATE TABLE public.main_banners (
    id bigint NOT NULL,
    img character varying(100) NOT NULL,
    alt_text character varying(150) NOT NULL
);


ALTER TABLE public.main_banners OWNER TO postgres;

--
-- TOC entry 237 (class 1259 OID 24735)
-- Name: main_banners_id_seq; Type: SEQUENCE; Schema: public; Owner: postgres
--

ALTER TABLE public.main_banners ALTER COLUMN id ADD GENERATED BY DEFAULT AS IDENTITY (
    SEQUENCE NAME public.main_banners_id_seq
    START WITH 1
    INCREMENT BY 1
    NO MINVALUE
    NO MAXVALUE
    CACHE 1
);


--
-- TOC entry 244 (class 1259 OID 24758)
-- Name: main_enquiry; Type: TABLE; Schema: public; Owner: postgres
--

CREATE TABLE public.main_enquiry (
    id bigint NOT NULL,
    full_name character varying(100) NOT NULL,
    email character varying(100) NOT NULL,
    detail text NOT NULL,
    send_time timestamp with time zone NOT NULL
);


ALTER TABLE public.main_enquiry OWNER TO postgres;

--
-- TOC entry 243 (class 1259 OID 24757)
-- Name: main_enquiry_id_seq; Type: SEQUENCE; Schema: public; Owner: postgres
--

ALTER TABLE public.main_enquiry ALTER COLUMN id ADD GENERATED BY DEFAULT AS IDENTITY (
    SEQUENCE NAME public.main_enquiry_id_seq
    START WITH 1
    INCREMENT BY 1
    NO MINVALUE
    NO MAXVALUE
    CACHE 1
);


--
-- TOC entry 242 (class 1259 OID 24750)
-- Name: main_faq; Type: TABLE; Schema: public; Owner: postgres
--

CREATE TABLE public.main_faq (
    id bigint NOT NULL,
    question text NOT NULL,
    answer text NOT NULL
);


ALTER TABLE public.main_faq OWNER TO postgres;

--
-- TOC entry 241 (class 1259 OID 24749)
-- Name: main_faq_id_seq; Type: SEQUENCE; Schema: public; Owner: postgres
--

ALTER TABLE public.main_faq ALTER COLUMN id ADD GENERATED BY DEFAULT AS IDENTITY (
    SEQUENCE NAME public.main_faq_id_seq
    START WITH 1
    INCREMENT BY 1
    NO MINVALUE
    NO MAXVALUE
    CACHE 1
);


--
-- TOC entry 246 (class 1259 OID 24766)
-- Name: main_gallery; Type: TABLE; Schema: public; Owner: postgres
--

CREATE TABLE public.main_gallery (
    id bigint NOT NULL,
    title character varying(150) NOT NULL,
    detail text NOT NULL,
    img character varying(100)
);


ALTER TABLE public.main_gallery OWNER TO postgres;

--
-- TOC entry 245 (class 1259 OID 24765)
-- Name: main_gallery_id_seq; Type: SEQUENCE; Schema: public; Owner: postgres
--

ALTER TABLE public.main_gallery ALTER COLUMN id ADD GENERATED BY DEFAULT AS IDENTITY (
    SEQUENCE NAME public.main_gallery_id_seq
    START WITH 1
    INCREMENT BY 1
    NO MINVALUE
    NO MAXVALUE
    CACHE 1
);


--
-- TOC entry 248 (class 1259 OID 24774)
-- Name: main_galleryimage; Type: TABLE; Schema: public; Owner: postgres
--

CREATE TABLE public.main_galleryimage (
    id bigint NOT NULL,
    alt_text character varying(150) NOT NULL,
    img character varying(100),
    gallery_id bigint
);


ALTER TABLE public.main_galleryimage OWNER TO postgres;

--
-- TOC entry 247 (class 1259 OID 24773)
-- Name: main_galleryimage_id_seq; Type: SEQUENCE; Schema: public; Owner: postgres
--

ALTER TABLE public.main_galleryimage ALTER COLUMN id ADD GENERATED BY DEFAULT AS IDENTITY (
    SEQUENCE NAME public.main_galleryimage_id_seq
    START WITH 1
    INCREMENT BY 1
    NO MINVALUE
    NO MAXVALUE
    CACHE 1
);


--
-- TOC entry 278 (class 1259 OID 41461)
-- Name: main_notiftrainerstatus; Type: TABLE; Schema: public; Owner: postgres
--

CREATE TABLE public.main_notiftrainerstatus (
    id bigint NOT NULL,
    status boolean NOT NULL,
    notif_id bigint NOT NULL,
    trainer_id bigint NOT NULL
);


ALTER TABLE public.main_notiftrainerstatus OWNER TO postgres;

--
-- TOC entry 277 (class 1259 OID 41460)
-- Name: main_notiftrainerstatus_id_seq; Type: SEQUENCE; Schema: public; Owner: postgres
--

ALTER TABLE public.main_notiftrainerstatus ALTER COLUMN id ADD GENERATED BY DEFAULT AS IDENTITY (
    SEQUENCE NAME public.main_notiftrainerstatus_id_seq
    START WITH 1
    INCREMENT BY 1
    NO MINVALUE
    NO MAXVALUE
    CACHE 1
);


--
-- TOC entry 266 (class 1259 OID 41268)
-- Name: main_notifuserstatus; Type: TABLE; Schema: public; Owner: postgres
--

CREATE TABLE public.main_notifuserstatus (
    id bigint NOT NULL,
    status boolean NOT NULL,
    notif_id bigint NOT NULL,
    user_id integer NOT NULL
);


ALTER TABLE public.main_notifuserstatus OWNER TO postgres;

--
-- TOC entry 265 (class 1259 OID 41267)
-- Name: main_notifuserstatus_id_seq; Type: SEQUENCE; Schema: public; Owner: postgres
--

ALTER TABLE public.main_notifuserstatus ALTER COLUMN id ADD GENERATED BY DEFAULT AS IDENTITY (
    SEQUENCE NAME public.main_notifuserstatus_id_seq
    START WITH 1
    INCREMENT BY 1
    NO MINVALUE
    NO MAXVALUE
    CACHE 1
);


--
-- TOC entry 264 (class 1259 OID 41248)
-- Name: main_notify; Type: TABLE; Schema: public; Owner: postgres
--

CREATE TABLE public.main_notify (
    id bigint NOT NULL,
    notify_detail text NOT NULL,
    read_by_trainer_id bigint,
    read_by_user_id integer
);


ALTER TABLE public.main_notify OWNER TO postgres;

--
-- TOC entry 263 (class 1259 OID 41247)
-- Name: main_notify_id_seq; Type: SEQUENCE; Schema: public; Owner: postgres
--

ALTER TABLE public.main_notify ALTER COLUMN id ADD GENERATED BY DEFAULT AS IDENTITY (
    SEQUENCE NAME public.main_notify_id_seq
    START WITH 1
    INCREMENT BY 1
    NO MINVALUE
    NO MAXVALUE
    CACHE 1
);


--
-- TOC entry 240 (class 1259 OID 24742)
-- Name: main_page; Type: TABLE; Schema: public; Owner: postgres
--

CREATE TABLE public.main_page (
    id bigint NOT NULL,
    title character varying(150) NOT NULL,
    detail text NOT NULL
);


ALTER TABLE public.main_page OWNER TO postgres;

--
-- TOC entry 239 (class 1259 OID 24741)
-- Name: main_page_id_seq; Type: SEQUENCE; Schema: public; Owner: postgres
--

ALTER TABLE public.main_page ALTER COLUMN id ADD GENERATED BY DEFAULT AS IDENTITY (
    SEQUENCE NAME public.main_page_id_seq
    START WITH 1
    INCREMENT BY 1
    NO MINVALUE
    NO MAXVALUE
    CACHE 1
);


--
-- TOC entry 256 (class 1259 OID 41190)
-- Name: main_plandiscount; Type: TABLE; Schema: public; Owner: postgres
--

CREATE TABLE public.main_plandiscount (
    id bigint NOT NULL,
    total_months integer NOT NULL,
    total_discount integer NOT NULL,
    subplan_id bigint
);


ALTER TABLE public.main_plandiscount OWNER TO postgres;

--
-- TOC entry 255 (class 1259 OID 41189)
-- Name: main_plandiscount_id_seq; Type: SEQUENCE; Schema: public; Owner: postgres
--

ALTER TABLE public.main_plandiscount ALTER COLUMN id ADD GENERATED BY DEFAULT AS IDENTITY (
    SEQUENCE NAME public.main_plandiscount_id_seq
    START WITH 1
    INCREMENT BY 1
    NO MINVALUE
    NO MAXVALUE
    CACHE 1
);


--
-- TOC entry 236 (class 1259 OID 16544)
-- Name: main_service; Type: TABLE; Schema: public; Owner: postgres
--

CREATE TABLE public.main_service (
    id bigint NOT NULL,
    title character varying(150) NOT NULL,
    detail text NOT NULL,
    img character varying(100)
);


ALTER TABLE public.main_service OWNER TO postgres;

--
-- TOC entry 235 (class 1259 OID 16543)
-- Name: main_service_id_seq; Type: SEQUENCE; Schema: public; Owner: postgres
--

ALTER TABLE public.main_service ALTER COLUMN id ADD GENERATED BY DEFAULT AS IDENTITY (
    SEQUENCE NAME public.main_service_id_seq
    START WITH 1
    INCREMENT BY 1
    NO MINVALUE
    NO MAXVALUE
    CACHE 1
);


--
-- TOC entry 250 (class 1259 OID 24786)
-- Name: main_subplan; Type: TABLE; Schema: public; Owner: postgres
--

CREATE TABLE public.main_subplan (
    id bigint NOT NULL,
    title character varying(150) NOT NULL,
    price integer NOT NULL,
    highlight boolean,
    max_member integer,
    valid_days integer
);


ALTER TABLE public.main_subplan OWNER TO postgres;

--
-- TOC entry 249 (class 1259 OID 24785)
-- Name: main_subplan_id_seq; Type: SEQUENCE; Schema: public; Owner: postgres
--

ALTER TABLE public.main_subplan ALTER COLUMN id ADD GENERATED BY DEFAULT AS IDENTITY (
    SEQUENCE NAME public.main_subplan_id_seq
    START WITH 1
    INCREMENT BY 1
    NO MINVALUE
    NO MAXVALUE
    CACHE 1
);


--
-- TOC entry 252 (class 1259 OID 24792)
-- Name: main_subplanfeature; Type: TABLE; Schema: public; Owner: postgres
--

CREATE TABLE public.main_subplanfeature (
    id bigint NOT NULL,
    feature character varying(150) NOT NULL
);


ALTER TABLE public.main_subplanfeature OWNER TO postgres;

--
-- TOC entry 251 (class 1259 OID 24791)
-- Name: main_subplanfeature_id_seq; Type: SEQUENCE; Schema: public; Owner: postgres
--

ALTER TABLE public.main_subplanfeature ALTER COLUMN id ADD GENERATED BY DEFAULT AS IDENTITY (
    SEQUENCE NAME public.main_subplanfeature_id_seq
    START WITH 1
    INCREMENT BY 1
    NO MINVALUE
    NO MAXVALUE
    CACHE 1
);


--
-- TOC entry 254 (class 1259 OID 41170)
-- Name: main_subplanfeature_subplan; Type: TABLE; Schema: public; Owner: postgres
--

CREATE TABLE public.main_subplanfeature_subplan (
    id bigint NOT NULL,
    subplanfeature_id bigint NOT NULL,
    subplan_id bigint NOT NULL
);


ALTER TABLE public.main_subplanfeature_subplan OWNER TO postgres;

--
-- TOC entry 253 (class 1259 OID 41169)
-- Name: main_subplanfeature_subplan_id_seq; Type: SEQUENCE; Schema: public; Owner: postgres
--

ALTER TABLE public.main_subplanfeature_subplan ALTER COLUMN id ADD GENERATED BY DEFAULT AS IDENTITY (
    SEQUENCE NAME public.main_subplanfeature_subplan_id_seq
    START WITH 1
    INCREMENT BY 1
    NO MINVALUE
    NO MAXVALUE
    CACHE 1
);


--
-- TOC entry 260 (class 1259 OID 41208)
-- Name: main_subscriber; Type: TABLE; Schema: public; Owner: postgres
--

CREATE TABLE public.main_subscriber (
    id bigint NOT NULL,
    mobile character varying(15) NOT NULL,
    address text NOT NULL,
    img character varying(100) NOT NULL,
    user_id integer
);


ALTER TABLE public.main_subscriber OWNER TO postgres;

--
-- TOC entry 259 (class 1259 OID 41207)
-- Name: main_subscriber_id_seq; Type: SEQUENCE; Schema: public; Owner: postgres
--

ALTER TABLE public.main_subscriber ALTER COLUMN id ADD GENERATED BY DEFAULT AS IDENTITY (
    SEQUENCE NAME public.main_subscriber_id_seq
    START WITH 1
    INCREMENT BY 1
    NO MINVALUE
    NO MAXVALUE
    CACHE 1
);


--
-- TOC entry 258 (class 1259 OID 41202)
-- Name: main_subscription; Type: TABLE; Schema: public; Owner: postgres
--

CREATE TABLE public.main_subscription (
    id bigint NOT NULL,
    price character varying(15) NOT NULL,
    plan_id bigint,
    user_id integer,
    reg_date date
);


ALTER TABLE public.main_subscription OWNER TO postgres;

--
-- TOC entry 257 (class 1259 OID 41201)
-- Name: main_subscription_id_seq; Type: SEQUENCE; Schema: public; Owner: postgres
--

ALTER TABLE public.main_subscription ALTER COLUMN id ADD GENERATED BY DEFAULT AS IDENTITY (
    SEQUENCE NAME public.main_subscription_id_seq
    START WITH 1
    INCREMENT BY 1
    NO MINVALUE
    NO MAXVALUE
    CACHE 1
);


--
-- TOC entry 262 (class 1259 OID 41234)
-- Name: main_trainer; Type: TABLE; Schema: public; Owner: postgres
--

CREATE TABLE public.main_trainer (
    id bigint NOT NULL,
    full_name character varying(150) NOT NULL,
    mobile character varying(15) NOT NULL,
    address text NOT NULL,
    is_active boolean NOT NULL,
    details text NOT NULL,
    img character varying(100) NOT NULL,
    password character varying(100),
    username character varying(100),
    facebook character varying(500),
    instagram character varying(500),
    blog character varying(500),
    youtube character varying(500),
    twitter character varying(500),
    salary integer NOT NULL
);


ALTER TABLE public.main_trainer OWNER TO postgres;

--
-- TOC entry 261 (class 1259 OID 41233)
-- Name: main_trainer_id_seq; Type: SEQUENCE; Schema: public; Owner: postgres
--

ALTER TABLE public.main_trainer ALTER COLUMN id ADD GENERATED BY DEFAULT AS IDENTITY (
    SEQUENCE NAME public.main_trainer_id_seq
    START WITH 1
    INCREMENT BY 1
    NO MINVALUE
    NO MAXVALUE
    CACHE 1
);


--
-- TOC entry 270 (class 1259 OID 41321)
-- Name: main_traineracheivement; Type: TABLE; Schema: public; Owner: postgres
--

CREATE TABLE public.main_traineracheivement (
    id bigint NOT NULL,
    title character varying(150) NOT NULL,
    img character varying(100) NOT NULL,
    details text NOT NULL,
    trainer_id bigint NOT NULL,
    date date
);


ALTER TABLE public.main_traineracheivement OWNER TO postgres;

--
-- TOC entry 269 (class 1259 OID 41320)
-- Name: main_traineracheivement_id_seq; Type: SEQUENCE; Schema: public; Owner: postgres
--

ALTER TABLE public.main_traineracheivement ALTER COLUMN id ADD GENERATED BY DEFAULT AS IDENTITY (
    SEQUENCE NAME public.main_traineracheivement_id_seq
    START WITH 1
    INCREMENT BY 1
    NO MINVALUE
    NO MAXVALUE
    CACHE 1
);


--
-- TOC entry 280 (class 1259 OID 41479)
-- Name: main_trainermessage; Type: TABLE; Schema: public; Owner: postgres
--

CREATE TABLE public.main_trainermessage (
    id bigint NOT NULL,
    message text NOT NULL,
    trainer_id bigint,
    user_id integer
);


ALTER TABLE public.main_trainermessage OWNER TO postgres;

--
-- TOC entry 279 (class 1259 OID 41478)
-- Name: main_trainermessage_id_seq; Type: SEQUENCE; Schema: public; Owner: postgres
--

ALTER TABLE public.main_trainermessage ALTER COLUMN id ADD GENERATED BY DEFAULT AS IDENTITY (
    SEQUENCE NAME public.main_trainermessage_id_seq
    START WITH 1
    INCREMENT BY 1
    NO MINVALUE
    NO MAXVALUE
    CACHE 1
);


--
-- TOC entry 276 (class 1259 OID 41452)
-- Name: main_trainernotification; Type: TABLE; Schema: public; Owner: postgres
--

CREATE TABLE public.main_trainernotification (
    id bigint NOT NULL,
    notif_msg text NOT NULL
);


ALTER TABLE public.main_trainernotification OWNER TO postgres;

--
-- TOC entry 275 (class 1259 OID 41451)
-- Name: main_trainernotification_id_seq; Type: SEQUENCE; Schema: public; Owner: postgres
--

ALTER TABLE public.main_trainernotification ALTER COLUMN id ADD GENERATED BY DEFAULT AS IDENTITY (
    SEQUENCE NAME public.main_trainernotification_id_seq
    START WITH 1
    INCREMENT BY 1
    NO MINVALUE
    NO MAXVALUE
    CACHE 1
);


--
-- TOC entry 274 (class 1259 OID 41363)
-- Name: main_trainernotifications; Type: TABLE; Schema: public; Owner: postgres
--

CREATE TABLE public.main_trainernotifications (
    id bigint NOT NULL,
    notif_msg text NOT NULL
);


ALTER TABLE public.main_trainernotifications OWNER TO postgres;

--
-- TOC entry 273 (class 1259 OID 41362)
-- Name: main_trainernotifications_id_seq; Type: SEQUENCE; Schema: public; Owner: postgres
--

ALTER TABLE public.main_trainernotifications ALTER COLUMN id ADD GENERATED BY DEFAULT AS IDENTITY (
    SEQUENCE NAME public.main_trainernotifications_id_seq
    START WITH 1
    INCREMENT BY 1
    NO MINVALUE
    NO MAXVALUE
    CACHE 1
);


--
-- TOC entry 272 (class 1259 OID 41336)
-- Name: main_trainersalary; Type: TABLE; Schema: public; Owner: postgres
--

CREATE TABLE public.main_trainersalary (
    id bigint NOT NULL,
    amount integer NOT NULL,
    amount_date date NOT NULL,
    remarks text NOT NULL,
    trainer_id bigint NOT NULL
);


ALTER TABLE public.main_trainersalary OWNER TO postgres;

--
-- TOC entry 271 (class 1259 OID 41335)
-- Name: main_trainersalary_id_seq; Type: SEQUENCE; Schema: public; Owner: postgres
--

ALTER TABLE public.main_trainersalary ALTER COLUMN id ADD GENERATED BY DEFAULT AS IDENTITY (
    SEQUENCE NAME public.main_trainersalary_id_seq
    START WITH 1
    INCREMENT BY 1
    NO MINVALUE
    NO MAXVALUE
    CACHE 1
);


--
-- TOC entry 284 (class 1259 OID 41508)
-- Name: main_trainersubscriberreport; Type: TABLE; Schema: public; Owner: postgres
--

CREATE TABLE public.main_trainersubscriberreport (
    id bigint NOT NULL,
    report_msg text NOT NULL,
    report_for_trainer_id bigint,
    report_for_user_id integer,
    report_from_trainer_id bigint,
    report_from_user_id integer
);


ALTER TABLE public.main_trainersubscriberreport OWNER TO postgres;

--
-- TOC entry 283 (class 1259 OID 41507)
-- Name: main_trainersubscriberreport_id_seq; Type: SEQUENCE; Schema: public; Owner: postgres
--

ALTER TABLE public.main_trainersubscriberreport ALTER COLUMN id ADD GENERATED BY DEFAULT AS IDENTITY (
    SEQUENCE NAME public.main_trainersubscriberreport_id_seq
    START WITH 1
    INCREMENT BY 1
    NO MINVALUE
    NO MAXVALUE
    CACHE 1
);


--
-- TOC entry 5119 (class 0 OID 16420)
-- Dependencies: 223
-- Data for Name: auth_group; Type: TABLE DATA; Schema: public; Owner: postgres
--

COPY public.auth_group (id, name) FROM stdin;
\.


--
-- TOC entry 5121 (class 0 OID 16428)
-- Dependencies: 225
-- Data for Name: auth_group_permissions; Type: TABLE DATA; Schema: public; Owner: postgres
--

COPY public.auth_group_permissions (id, group_id, permission_id) FROM stdin;
\.


--
-- TOC entry 5117 (class 0 OID 16414)
-- Dependencies: 221
-- Data for Name: auth_permission; Type: TABLE DATA; Schema: public; Owner: postgres
--

COPY public.auth_permission (id, name, content_type_id, codename) FROM stdin;
1	Can add log entry	1	add_logentry
2	Can change log entry	1	change_logentry
3	Can delete log entry	1	delete_logentry
4	Can view log entry	1	view_logentry
5	Can add permission	2	add_permission
6	Can change permission	2	change_permission
7	Can delete permission	2	delete_permission
8	Can view permission	2	view_permission
9	Can add group	3	add_group
10	Can change group	3	change_group
11	Can delete group	3	delete_group
12	Can view group	3	view_group
13	Can add user	4	add_user
14	Can change user	4	change_user
15	Can delete user	4	delete_user
16	Can view user	4	view_user
17	Can add content type	5	add_contenttype
18	Can change content type	5	change_contenttype
19	Can delete content type	5	delete_contenttype
20	Can view content type	5	view_contenttype
21	Can add session	6	add_session
22	Can change session	6	change_session
23	Can delete session	6	delete_session
24	Can view session	6	view_session
25	Can add service	7	add_service
26	Can change service	7	change_service
27	Can delete service	7	delete_service
28	Can view service	7	view_service
29	Can add banners	8	add_banners
30	Can change banners	8	change_banners
31	Can delete banners	8	delete_banners
32	Can view banners	8	view_banners
33	Can add page	9	add_page
34	Can change page	9	change_page
35	Can delete page	9	delete_page
36	Can view page	9	view_page
37	Can add faq	10	add_faq
38	Can change faq	10	change_faq
39	Can delete faq	10	delete_faq
40	Can view faq	10	view_faq
41	Can add enquiry	11	add_enquiry
42	Can change enquiry	11	change_enquiry
43	Can delete enquiry	11	delete_enquiry
44	Can view enquiry	11	view_enquiry
45	Can add gallery	12	add_gallery
46	Can change gallery	12	change_gallery
47	Can delete gallery	12	delete_gallery
48	Can view gallery	12	view_gallery
49	Can add gallery image	13	add_galleryimage
50	Can change gallery image	13	change_galleryimage
51	Can delete gallery image	13	delete_galleryimage
52	Can view gallery image	13	view_galleryimage
53	Can add sub plan feature	14	add_subplanfeature
54	Can change sub plan feature	14	change_subplanfeature
55	Can delete sub plan feature	14	delete_subplanfeature
56	Can view sub plan feature	14	view_subplanfeature
57	Can add sub plan	15	add_subplan
58	Can change sub plan	15	change_subplan
59	Can delete sub plan	15	delete_subplan
60	Can view sub plan	15	view_subplan
61	Can add plan discount	16	add_plandiscount
62	Can change plan discount	16	change_plandiscount
63	Can delete plan discount	16	delete_plandiscount
64	Can view plan discount	16	view_plandiscount
65	Can add subscriber	17	add_subscriber
66	Can change subscriber	17	change_subscriber
67	Can delete subscriber	17	delete_subscriber
68	Can view subscriber	17	view_subscriber
69	Can add subscription	18	add_subscription
70	Can change subscription	18	change_subscription
71	Can delete subscription	18	delete_subscription
72	Can view subscription	18	view_subscription
73	Can add trainer	19	add_trainer
74	Can change trainer	19	change_trainer
75	Can delete trainer	19	delete_trainer
76	Can view trainer	19	view_trainer
77	Can add notify	20	add_notify
78	Can change notify	20	change_notify
79	Can delete notify	20	delete_notify
80	Can view notify	20	view_notify
81	Can add notif user status	21	add_notifuserstatus
82	Can change notif user status	21	change_notifuserstatus
83	Can delete notif user status	21	delete_notifuserstatus
84	Can view notif user status	21	view_notifuserstatus
85	Can add assign subscriber	22	add_assignsubscriber
86	Can change assign subscriber	22	change_assignsubscriber
87	Can delete assign subscriber	22	delete_assignsubscriber
88	Can view assign subscriber	22	view_assignsubscriber
89	Can add trainer acheivement	23	add_traineracheivement
90	Can change trainer acheivement	23	change_traineracheivement
91	Can delete trainer acheivement	23	delete_traineracheivement
92	Can view trainer acheivement	23	view_traineracheivement
93	Can add trainer salary	24	add_trainersalary
94	Can change trainer salary	24	change_trainersalary
95	Can delete trainer salary	24	delete_trainersalary
96	Can view trainer salary	24	view_trainersalary
97	Can add trainer notifications	25	add_trainernotifications
98	Can change trainer notifications	25	change_trainernotifications
99	Can delete trainer notifications	25	delete_trainernotifications
100	Can view trainer notifications	25	view_trainernotifications
101	Can add notif trainer status	26	add_notiftrainerstatus
102	Can change notif trainer status	26	change_notiftrainerstatus
103	Can delete notif trainer status	26	delete_notiftrainerstatus
104	Can view notif trainer status	26	view_notiftrainerstatus
105	Can add trainer notification	27	add_trainernotification
106	Can change trainer notification	27	change_trainernotification
107	Can delete trainer notification	27	delete_trainernotification
108	Can view trainer notification	27	view_trainernotification
109	Can add trainer message	28	add_trainermessage
110	Can change trainer message	28	change_trainermessage
111	Can delete trainer message	28	delete_trainermessage
112	Can view trainer message	28	view_trainermessage
113	Can add site	29	add_site
114	Can change site	29	change_site
115	Can delete site	29	delete_site
116	Can view site	29	view_site
117	Can add trainer subscriber report	30	add_trainersubscriberreport
118	Can change trainer subscriber report	30	change_trainersubscriberreport
119	Can delete trainer subscriber report	30	delete_trainersubscriberreport
120	Can view trainer subscriber report	30	view_trainersubscriberreport
121	Can add app setting	31	add_appsetting
122	Can change app setting	31	change_appsetting
123	Can delete app setting	31	delete_appsetting
124	Can view app setting	31	view_appsetting
\.


--
-- TOC entry 5123 (class 0 OID 16434)
-- Dependencies: 227
-- Data for Name: auth_user; Type: TABLE DATA; Schema: public; Owner: postgres
--

COPY public.auth_user (id, password, last_login, is_superuser, username, first_name, last_name, email, is_staff, is_active, date_joined) FROM stdin;
1	pbkdf2_sha256$600000$OALgGRctPfk8V8efK4Asbx$1x1ptgX3tx3FdE7SqozOGhPNt1YYco9s1CPlNJ9AlaI=	2024-09-10 20:37:46.195892+03	t	admin	Kyrillos	Victor	kyrillosvictor@aol.com	t	t	2024-08-11 11:41:34.953637+03
6	pbkdf2_sha256$600000$ZrJtGhDF18UU1skwkbjK0D$V/99pyg9vISPIwTnZu7HFI+8dg0hLYMtYLaP28aFEVU=	2024-09-10 21:25:01.520618+03	f	frank.russell	Frank	Russell	frank.russell@gmail.com	f	t	2024-08-24 16:48:25.939297+03
\.


--
-- TOC entry 5125 (class 0 OID 16442)
-- Dependencies: 229
-- Data for Name: auth_user_groups; Type: TABLE DATA; Schema: public; Owner: postgres
--

COPY public.auth_user_groups (id, user_id, group_id) FROM stdin;
\.


--
-- TOC entry 5127 (class 0 OID 16448)
-- Dependencies: 231
-- Data for Name: auth_user_user_permissions; Type: TABLE DATA; Schema: public; Owner: postgres
--

COPY public.auth_user_user_permissions (id, user_id, permission_id) FROM stdin;
\.


--
-- TOC entry 5129 (class 0 OID 16506)
-- Dependencies: 233
-- Data for Name: django_admin_log; Type: TABLE DATA; Schema: public; Owner: postgres
--

COPY public.django_admin_log (id, action_time, object_id, object_repr, action_flag, change_message, content_type_id, user_id) FROM stdin;
1	2024-08-13 10:57:36.02002+03	1	GymSync	1	[{"added": {}}]	8	1
2	2024-08-13 10:57:50.043395+03	2	GymSync	1	[{"added": {}}]	8	1
3	2024-08-13 10:58:04.43279+03	3	GymSync	1	[{"added": {}}]	8	1
4	2024-08-13 10:58:18.283165+03	4	GymSync	1	[{"added": {}}]	8	1
5	2024-08-13 10:58:25.905375+03	5	GymSync	1	[{"added": {}}]	8	1
6	2024-08-13 10:58:35.14463+03	6	GymSync	1	[{"added": {}}]	8	1
7	2024-08-13 10:58:43.036859+03	7	GymSync	1	[{"added": {}}]	8	1
8	2024-08-13 15:52:12.526159+03	7	GymSync	3		8	1
9	2024-08-13 15:52:24.421819+03	6	GymSync	3		8	1
10	2024-08-13 15:52:35.193059+03	5	GymSync	3		8	1
11	2024-08-13 15:52:41.42417+03	4	GymSync	3		8	1
12	2024-08-13 15:52:47.593507+03	3	GymSync	3		8	1
13	2024-08-13 15:53:29.481152+03	2	GymSync	3		8	1
14	2024-08-13 15:53:36.687863+03	1	GymSync	3		8	1
15	2024-08-13 16:25:48.377216+03	8	1	1	[{"added": {}}]	8	1
16	2024-08-13 16:25:58.54945+03	9	2	1	[{"added": {}}]	8	1
17	2024-08-13 16:26:07.939184+03	10	3	1	[{"added": {}}]	8	1
18	2024-08-13 16:26:19.955929+03	11	4	1	[{"added": {}}]	8	1
19	2024-08-13 16:26:27.706847+03	12	5	1	[{"added": {}}]	8	1
20	2024-08-13 16:26:55.771506+03	13	6	1	[{"added": {}}]	8	1
21	2024-08-13 16:27:07.326013+03	14	7	1	[{"added": {}}]	8	1
22	2024-08-13 16:27:40.699117+03	15	8	1	[{"added": {}}]	8	1
23	2024-08-13 16:27:53.242181+03	16	9	1	[{"added": {}}]	8	1
24	2024-08-13 16:57:52.922757+03	1	Service	1	[{"added": {}}]	7	1
25	2024-08-13 17:00:05.948036+03	1	Cardio	2	[{"changed": {"fields": ["Title", "Details", "Img"]}}]	7	1
26	2024-08-13 17:03:47.183363+03	2	Bodybuilding	1	[{"added": {}}]	7	1
27	2024-08-13 17:04:00.657368+03	3	Dancing	1	[{"added": {}}]	7	1
28	2024-08-13 17:18:27.052551+03	2	Bodybuilding	2	[{"changed": {"fields": ["Img"]}}]	7	1
29	2024-08-15 09:31:05.474788+03	8	1	3		8	1
30	2024-08-15 09:31:18.60692+03	12	5	3		8	1
31	2024-08-15 09:31:41.625437+03	13	6	3		8	1
32	2024-08-15 09:31:53.34166+03	15	8	3		8	1
33	2024-08-15 09:32:09.535213+03	11	4	3		8	1
34	2024-08-15 09:34:03.918243+03	9	2	3		8	1
35	2024-08-15 09:41:17.630896+03	17	5	1	[{"added": {}}]	8	1
36	2024-08-15 09:48:25.612458+03	1	About us	1	[{"added": {}}]	9	1
37	2024-08-15 09:48:41.52046+03	2	Privacy	1	[{"added": {}}]	9	1
38	2024-08-15 09:49:10.700346+03	3	Terms	1	[{"added": {}}]	9	1
39	2024-08-15 10:12:45.728601+03	1	About Us	2	[{"changed": {"fields": ["Title"]}}]	9	1
40	2024-08-15 10:25:53.866133+03	1	About Us	2	[{"changed": {"fields": ["Details"]}}]	9	1
41	2024-08-15 11:09:13.673434+03	1	What is the best routine for the gym?	1	[{"added": {}}]	10	1
42	2024-08-15 11:09:33.248678+03	2	What body parts to work on what days?	1	[{"added": {}}]	10	1
43	2024-08-15 11:09:53.983835+03	3	What should a beginner do at the gym?	1	[{"added": {}}]	10	1
44	2024-08-15 11:10:14.16528+03	4	What is the best workout routine for beginners?	1	[{"added": {}}]	10	1
45	2024-08-15 11:10:34.424483+03	5	What is the best workout schedule to build muscle?	1	[{"added": {}}]	10	1
46	2024-08-15 11:10:53.755486+03	6	What are the 10 best exercises?	1	[{"added": {}}]	10	1
47	2024-08-15 11:11:15.806719+03	7	How do I schedule my workout at the gym?	1	[{"added": {}}]	10	1
48	2024-08-15 11:11:38.618956+03	8	Can you gain 10 pounds of muscle in a month?	1	[{"added": {}}]	10	1
49	2024-08-15 11:11:58.809066+03	9	What is a good gym routine?	1	[{"added": {}}]	10	1
50	2024-08-15 11:12:27.469289+03	10	How much weight should a beginner lift?	1	[{"added": {}}]	10	1
51	2024-08-15 11:45:37.773957+03	11	dfgdafg	1	[{"added": {}}]	10	1
52	2024-08-15 11:46:06.755142+03	11	dfgdafg	3		10	1
53	2024-08-15 11:52:41.863117+03	1	About Us	2	[{"changed": {"fields": ["Details"]}}]	9	1
54	2024-08-15 12:05:39.890128+03	1	About Us	2	[{"changed": {"fields": ["Details"]}}]	9	1
55	2024-08-16 09:49:49.713073+03	1	About Us	2	[{"changed": {"fields": ["Detail"]}}]	9	1
56	2024-08-16 09:57:00.646859+03	1	About Us	2	[{"changed": {"fields": ["Detail"]}}]	9	1
57	2024-08-17 13:53:53.350394+03	1	Cardio	1	[{"added": {}}]	12	1
58	2024-08-17 13:54:23.30759+03	2	Competitions	1	[{"added": {}}]	12	1
59	2024-08-17 13:54:48.347744+03	3	Dancing	1	[{"added": {}}]	12	1
60	2024-08-17 13:55:21.872344+03	4	Workout	1	[{"added": {}}]	12	1
61	2024-08-17 14:04:57.848643+03	2	1	1	[{"added": {}}]	13	1
62	2024-08-17 14:05:12.898397+03	3	2	1	[{"added": {}}]	13	1
63	2024-08-17 14:05:22.493756+03	4	3	1	[{"added": {}}]	13	1
64	2024-08-17 14:05:32.214927+03	5	4	1	[{"added": {}}]	13	1
65	2024-08-17 14:05:42.152211+03	6	5	1	[{"added": {}}]	13	1
66	2024-08-17 14:05:56.642012+03	7	6	1	[{"added": {}}]	13	1
67	2024-08-17 14:06:05.782364+03	8	7	1	[{"added": {}}]	13	1
68	2024-08-17 14:06:16.197824+03	9	8	1	[{"added": {}}]	13	1
69	2024-08-17 14:11:14.916389+03	2	Cardio 1	2	[{"changed": {"fields": ["Alt text"]}}]	13	1
70	2024-08-17 14:11:27.077833+03	9	Cardio 8	2	[{"changed": {"fields": ["Alt text"]}}]	13	1
71	2024-08-17 14:14:29.494842+03	8	Cardio 7	2	[{"changed": {"fields": ["Alt text"]}}]	13	1
72	2024-08-17 14:14:39.528363+03	7	Cardio 6	2	[{"changed": {"fields": ["Alt text"]}}]	13	1
73	2024-08-17 14:14:48.711947+03	6	Cardio 5	2	[{"changed": {"fields": ["Alt text"]}}]	13	1
74	2024-08-17 14:14:56.829463+03	5	Cardio 4	2	[{"changed": {"fields": ["Alt text"]}}]	13	1
75	2024-08-17 14:15:06.540123+03	4	Cardio 3	2	[{"changed": {"fields": ["Alt text"]}}]	13	1
76	2024-08-17 14:15:17.53947+03	3	Cardio 2	2	[{"changed": {"fields": ["Alt text"]}}]	13	1
77	2024-08-17 14:15:53.4253+03	10	Competition 1	1	[{"added": {}}]	13	1
78	2024-08-17 14:16:02.631026+03	11	Competition 2	1	[{"added": {}}]	13	1
79	2024-08-17 14:16:13.134674+03	12	Competition 3	1	[{"added": {}}]	13	1
80	2024-08-17 14:16:24.119213+03	13	Competition 4	1	[{"added": {}}]	13	1
81	2024-08-17 14:16:33.718879+03	14	Competition 5	1	[{"added": {}}]	13	1
82	2024-08-17 14:16:48.639556+03	15	Competition 6	1	[{"added": {}}]	13	1
83	2024-08-17 14:17:07.452644+03	16	Dancing 1	1	[{"added": {}}]	13	1
84	2024-08-17 14:17:17.684349+03	17	Dancing 2	1	[{"added": {}}]	13	1
85	2024-08-17 14:17:26.33195+03	18	Dancing 3	1	[{"added": {}}]	13	1
86	2024-08-17 14:17:36.409356+03	19	Dancing 4	1	[{"added": {}}]	13	1
87	2024-08-17 14:17:54.482486+03	20	Workout 1	1	[{"added": {}}]	13	1
88	2024-08-17 14:18:03.157098+03	21	Workout 2	1	[{"added": {}}]	13	1
89	2024-08-17 14:18:12.244559+03	22	Workout 3	1	[{"added": {}}]	13	1
90	2024-08-17 14:18:21.383137+03	23	Workout 4	1	[{"added": {}}]	13	1
91	2024-08-17 14:18:30.771776+03	24	Workout 5	1	[{"added": {}}]	13	1
92	2024-08-17 14:18:44.189453+03	25	Workout 6	1	[{"added": {}}]	13	1
93	2024-08-17 14:18:56.566735+03	26	Workout 7	1	[{"added": {}}]	13	1
94	2024-08-17 14:19:06.06916+03	27	Workout 8	1	[{"added": {}}]	13	1
95	2024-08-17 14:19:20.306322+03	28	Workout 9	1	[{"added": {}}]	13	1
96	2024-08-17 14:19:29.411809+03	29	Workout 10	1	[{"added": {}}]	13	1
97	2024-08-17 14:19:38.979709+03	30	Workout 11	1	[{"added": {}}]	13	1
98	2024-08-17 15:29:34.016914+03	2	Competitions	2	[{"changed": {"fields": ["Img"]}}]	12	1
99	2024-08-18 18:18:49.685936+03	1	Novice	1	[{"added": {}}]	15	1
100	2024-08-18 18:19:03.796641+03	2	Intermediate	1	[{"added": {}}]	15	1
101	2024-08-18 18:19:15.0769+03	3	Advanced	1	[{"added": {}}]	15	1
102	2024-08-18 18:21:31.330718+03	1	Workout routine designed especially	1	[{"added": {}}]	14	1
103	2024-08-18 18:21:37.156722+03	2	Workout routine designed especially	1	[{"added": {}}]	14	1
104	2024-08-18 18:21:43.972827+03	3	Workout routine designed especially	1	[{"added": {}}]	14	1
105	2024-08-18 18:22:01.735549+03	4	Dietary program	1	[{"added": {}}]	14	1
106	2024-08-18 18:22:09.606146+03	5	Dietary program	1	[{"added": {}}]	14	1
107	2024-08-18 18:22:16.36529+03	6	Dietary program	1	[{"added": {}}]	14	1
108	2024-08-18 18:22:30.793329+03	7	--	1	[{"added": {}}]	14	1
109	2024-08-18 18:22:50.313552+03	8	Personal Trainer	1	[{"added": {}}]	14	1
110	2024-08-18 18:22:55.81667+03	9	Personal Trainer	1	[{"added": {}}]	14	1
111	2024-08-18 18:23:03.004791+03	10	--	1	[{"added": {}}]	14	1
112	2024-08-18 18:23:10.331779+03	11	--	1	[{"added": {}}]	14	1
113	2024-08-18 18:24:16.576296+03	12	Preparation for Domestic Competition	1	[{"added": {}}]	14	1
114	2024-08-18 18:55:44.396477+03	3	Advanced	2	[{"changed": {"fields": ["Highlight"]}}]	15	1
115	2024-08-18 19:28:17.59619+03	1	Novice	2	[{"changed": {"fields": ["Price"]}}]	15	1
116	2024-08-18 19:34:40.891707+03	13	--	1	[{"added": {}}]	14	1
117	2024-08-18 19:35:05.481841+03	13	--	3		14	1
118	2024-08-18 19:59:35.485035+03	11	--	3		14	1
119	2024-08-18 19:59:35.496034+03	10	--	3		14	1
120	2024-08-18 19:59:35.498033+03	7	--	3		14	1
121	2024-08-19 21:10:53.377704+03	1	Workout routine designed especially	2	[{"changed": {"fields": ["Subplan"]}}]	14	1
122	2024-08-19 21:11:14.134161+03	8	Personal Trainer	3		14	1
123	2024-08-19 21:11:14.146161+03	5	Dietary program	3		14	1
124	2024-08-19 21:11:14.148159+03	4	Dietary program	3		14	1
125	2024-08-19 21:11:14.15016+03	2	Workout routine designed especially	3		14	1
126	2024-08-19 21:11:14.152164+03	1	Workout routine designed especially	3		14	1
127	2024-08-19 21:11:36.665547+03	3	Workout routine designed especially	2	[{"changed": {"fields": ["Subplan"]}}]	14	1
128	2024-08-19 21:11:54.095454+03	6	Dietary program	2	[{"changed": {"fields": ["Subplan"]}}]	14	1
129	2024-08-19 21:12:03.704009+03	9	Personal Trainer	2	[{"changed": {"fields": ["Subplan"]}}]	14	1
130	2024-08-19 21:12:12.029956+03	12	Preparation for Domestic Competition	2	[{"changed": {"fields": ["Subplan"]}}]	14	1
131	2024-08-20 21:58:33.868458+03	3	Advanced	2	[{"changed": {"fields": ["Max member"]}}]	15	1
132	2024-08-20 21:58:33.897457+03	2	Intermediate	2	[{"changed": {"fields": ["Max member"]}}]	15	1
133	2024-08-20 21:58:33.901457+03	1	Novice	2	[{"changed": {"fields": ["Max member"]}}]	15	1
134	2024-08-21 21:13:37.212936+03	1	Novice	2	[{"changed": {"fields": ["Price"]}}]	15	1
135	2024-08-21 21:13:52.847175+03	2	Intermediate	2	[{"changed": {"fields": ["Price"]}}]	15	1
136	2024-08-21 21:14:12.359363+03	3	Advanced	2	[{"changed": {"fields": ["Price"]}}]	15	1
137	2024-08-21 22:00:04.917098+03	1	1	1	[{"added": {}}]	16	1
138	2024-08-21 22:00:16.659678+03	2	3	1	[{"added": {}}]	16	1
139	2024-08-21 22:00:27.60181+03	3	6	1	[{"added": {}}]	16	1
140	2024-08-21 22:00:37.080115+03	4	12	1	[{"added": {}}]	16	1
141	2024-08-21 22:33:27.133322+03	2		3		4	1
142	2024-08-21 22:35:16.211562+03	5	johndoe	1	[{"added": {}}]	4	1
143	2024-08-24 13:46:55.874573+03	1	Subscription object (1)	1	[{"added": {}}]	18	1
144	2024-08-24 16:46:14.835275+03	5	johndoe	3		4	1
145	2024-08-24 16:52:57.957492+03	1	frank.russell	2	[{"changed": {"fields": ["Mobile", "Address", "Img"]}}]	17	1
146	2024-08-26 21:52:56.157332+03	1	Kyrillos	1	[{"added": {}}]	19	1
147	2024-08-28 20:49:11.160844+03	1	Kyrillos	2	[{"changed": {"fields": ["Username", "Password", "Details"]}}]	19	1
148	2024-08-28 21:28:20.471382+03	1	This is the first notification	1	[{"added": {}}]	20	1
149	2024-08-30 21:52:04.862065+03	1	This is the first notification (test after adding AJAX & JSON)	2	[{"changed": {"fields": ["Notify detail"]}}]	20	1
150	2024-08-30 21:55:23.871364+03	2	Testing the Interval	1	[{"added": {}}]	20	1
151	2024-08-30 21:58:43.723552+03	2	Testing the Interval	3		20	1
152	2024-09-01 20:48:38.494143+03	3	Second notification for test	1	[{"added": {}}]	20	1
153	2024-09-06 20:30:04.888818+03	1	frank.russell	1	[{"added": {}}]	22	1
154	2024-09-06 20:45:50.713314+03	2	Subscription object (2)	1	[{"added": {}}]	18	1
155	2024-09-06 21:24:40.583935+03	1	None	3		22	1
156	2024-09-06 21:24:48.677949+03	3	frank.russell	1	[{"added": {}}]	22	1
157	2024-09-06 21:25:30.217197+03	2	Subscription object (2)	2	[]	18	1
158	2024-09-06 21:38:18.871254+03	3	Second notification for test	3		20	1
159	2024-09-06 21:38:18.885256+03	1	This is the first notification (test after adding AJAX & JSON)	3		20	1
160	2024-09-06 21:38:56.283265+03	4	Please communicate with the trainer for further info related to the diet plan	1	[{"added": {}}]	20	1
161	2024-09-06 21:39:56.358851+03	5	Kindly make sure to check your email on daily basis to stay up to date with our new training schedules	1	[{"added": {}}]	20	1
162	2024-09-07 07:40:11.656702+03	3	Advanced	2	[{"changed": {"fields": ["Valid days"]}}]	15	1
163	2024-09-07 07:40:11.692718+03	2	Intermediate	2	[{"changed": {"fields": ["Valid days"]}}]	15	1
164	2024-09-07 07:40:11.705711+03	1	Novice	2	[{"changed": {"fields": ["Valid days"]}}]	15	1
165	2024-09-07 09:44:28.606839+03	1	Basic	2	[{"changed": {"fields": ["Title"]}}]	15	1
166	2024-09-07 09:44:53.315935+03	1	Basic	2	[{"changed": {"fields": ["Max member"]}}]	15	1
167	2024-09-07 09:48:06.512838+03	6	Dietary Program	2	[{"changed": {"fields": ["Title"]}}]	14	1
168	2024-09-07 09:48:29.963385+03	3	Workout Routine Designed Especially	2	[{"changed": {"fields": ["Title"]}}]	14	1
169	2024-09-07 12:08:41.368401+03	1	Kyrillos	2	[{"changed": {"fields": ["Details", "Facebook", "X", "Pinterest", "Youtube"]}}]	19	1
170	2024-09-07 12:41:59.662485+03	1	Kyrillos	2	[{"changed": {"fields": ["Facebook", "Twitter", "Pinterest", "Youtube"]}}]	19	1
171	2024-09-07 12:44:46.589978+03	1	Kyrillos	2	[{"changed": {"fields": ["Facebook"]}}]	19	1
172	2024-09-07 12:59:00.982656+03	1	Mark Lauren	2	[{"changed": {"fields": ["Full name", "Username", "Password", "Mobile", "Address", "Details", "Img", "Facebook", "Instagram", "Twitter", "Youtube", "Wesbite"]}}]	19	1
173	2024-09-07 13:12:54.972776+03	1	frank.russell	2	[{"changed": {"fields": ["Img"]}}]	17	1
174	2024-09-07 13:15:07.86406+03	1	Mark Lauren	2	[{"changed": {"fields": ["Wesbite"]}}]	19	1
175	2024-09-07 13:45:03.937822+03	1	Mark Lauren	2	[{"changed": {"fields": ["Blog"]}}]	19	1
176	2024-09-07 15:19:17.257707+03	2	Combat Controller	1	[{"added": {}}]	23	1
177	2024-09-07 15:22:28.949688+03	2	Combat Controller	2	[{"changed": {"fields": ["Date"]}}]	23	1
178	2024-09-07 15:35:40.094982+03	3	You Are Your Own Gym	1	[{"added": {}}]	23	1
179	2024-09-07 15:35:52.126212+03	2	Combat Controller	2	[{"changed": {"fields": ["Img"]}}]	23	1
180	2024-09-07 15:54:49.281653+03	1	Mark Lauren	2	[{"changed": {"fields": ["Salary"]}}]	19	1
181	2024-09-07 16:04:13.431251+03	1	Mark Lauren	1	[{"added": {}}]	24	1
182	2024-09-09 21:11:27.728604+03	2	Mark Lauren	1	[{"added": {}}]	24	1
183	2024-09-09 21:11:36.544607+03	1	Mark Lauren	2	[{"changed": {"fields": ["Remarks"]}}]	24	1
184	2024-09-10 20:39:44.897587+03	2	This is a test notification for trainers (1)	1	[{"added": {}}]	27	1
185	2024-09-10 20:39:57.803591+03	3	This is a test notification for trainers (2)	1	[{"added": {}}]	27	1
186	2024-09-10 21:13:45.495628+03	1	TrainerMessage object (1)	1	[{"added": {}}]	28	1
\.


--
-- TOC entry 5115 (class 0 OID 16406)
-- Dependencies: 219
-- Data for Name: django_content_type; Type: TABLE DATA; Schema: public; Owner: postgres
--

COPY public.django_content_type (id, app_label, model) FROM stdin;
1	admin	logentry
2	auth	permission
3	auth	group
4	auth	user
5	contenttypes	contenttype
6	sessions	session
7	main	service
8	main	banners
9	main	page
10	main	faq
11	main	enquiry
12	main	gallery
13	main	galleryimage
14	main	subplanfeature
15	main	subplan
16	main	plandiscount
17	main	subscriber
18	main	subscription
19	main	trainer
20	main	notify
21	main	notifuserstatus
22	main	assignsubscriber
23	main	traineracheivement
24	main	trainersalary
25	main	trainernotifications
26	main	notiftrainerstatus
27	main	trainernotification
28	main	trainermessage
29	sites	site
30	main	trainersubscriberreport
31	main	appsetting
\.


--
-- TOC entry 5113 (class 0 OID 16398)
-- Dependencies: 217
-- Data for Name: django_migrations; Type: TABLE DATA; Schema: public; Owner: postgres
--

COPY public.django_migrations (id, app, name, applied) FROM stdin;
1	contenttypes	0001_initial	2024-08-11 08:20:13.85019+03
2	auth	0001_initial	2024-08-11 08:20:14.079154+03
3	admin	0001_initial	2024-08-11 08:20:14.140141+03
4	admin	0002_logentry_remove_auto_add	2024-08-11 08:20:14.15614+03
5	admin	0003_logentry_add_action_flag_choices	2024-08-11 08:20:14.173135+03
6	contenttypes	0002_remove_content_type_name	2024-08-11 08:20:14.226123+03
7	auth	0002_alter_permission_name_max_length	2024-08-11 08:20:14.243119+03
8	auth	0003_alter_user_email_max_length	2024-08-11 08:20:14.262116+03
9	auth	0004_alter_user_username_opts	2024-08-11 08:20:14.282112+03
10	auth	0005_alter_user_last_login_null	2024-08-11 08:20:14.303109+03
11	auth	0006_require_contenttypes_0002	2024-08-11 08:20:14.310107+03
12	auth	0007_alter_validators_add_error_messages	2024-08-11 08:20:14.3361+03
13	auth	0008_alter_user_username_max_length	2024-08-11 08:20:14.382095+03
14	auth	0009_alter_user_last_name_max_length	2024-08-11 08:20:14.414088+03
15	auth	0010_alter_group_name_max_length	2024-08-11 08:20:14.438086+03
16	auth	0011_update_proxy_permissions	2024-08-11 08:20:14.453079+03
17	auth	0012_alter_user_first_name_max_length	2024-08-11 08:20:14.475072+03
18	sessions	0001_initial	2024-08-11 08:20:14.510068+03
19	main	0001_initial	2024-08-11 09:45:17.515465+03
20	main	0002_banners	2024-08-13 10:23:40.698173+03
21	main	0003_service_img	2024-08-13 16:47:44.293492+03
22	main	0004_page	2024-08-15 09:28:05.645435+03
23	main	0005_faq	2024-08-15 11:02:26.76089+03
24	main	0006_rename_details_service_detail	2024-08-16 09:42:29.198741+03
25	main	0007_rename_details_page_detail	2024-08-16 09:46:15.766315+03
26	main	0008_enquiry	2024-08-16 10:06:05.995319+03
27	main	0009_gallery_galleryimage	2024-08-17 13:25:49.823452+03
28	main	0010_galleryimage_gallery	2024-08-17 14:01:39.93073+03
29	main	0011_subplan_subplanfeature	2024-08-17 19:56:00.499022+03
30	main	0012_alter_subplan_price_alter_subplanfeature_title	2024-08-18 18:09:29.299284+03
31	main	0013_subplan_highlight	2024-08-18 18:52:10.597395+03
32	main	0014_remove_subplanfeature_subplan_subplanfeature_subplan	2024-08-19 21:08:59.80951+03
33	main	0015_subplan_max_member	2024-08-20 21:56:15.168907+03
34	main	0016_plandiscount	2024-08-21 21:54:07.326179+03
35	main	0017_subscription_subscriber	2024-08-24 13:37:43.645938+03
36	main	0018_trainer	2024-08-26 21:51:04.856064+03
37	main	0019_trainer_password_trainer_username_and_more	2024-08-28 20:22:10.654428+03
38	main	0020_notify	2024-08-28 21:22:13.755217+03
39	main	0021_remove_notify_status	2024-08-28 21:26:29.584595+03
40	main	0022_alter_notify_read_by_trainer_and_more	2024-08-28 21:29:10.501177+03
41	main	0023_notifuserstatus	2024-08-31 12:12:53.055472+03
42	main	0024_rename_notif_notifuserstatus_notification	2024-08-31 12:37:12.504486+03
43	main	0025_rename_notification_notifuserstatus_notif_and_more	2024-09-06 20:27:49.221698+03
44	main	0026_remove_assignsubscriber_subscriber_and_more	2024-09-06 21:18:06.038152+03
45	main	0027_alter_notifuserstatus_options	2024-09-06 22:07:10.911026+03
46	main	0028_subplan_valid_days	2024-09-07 07:33:04.395802+03
47	main	0029_rename_title_subplanfeature_feature	2024-09-07 09:51:04.813614+03
48	main	0030_subscription_reg_date	2024-09-07 11:10:20.54737+03
49	main	0031_alter_banners_options_alter_enquiry_options_and_more	2024-09-07 11:35:19.732469+03
50	main	0032_alter_faq_options_trainer_facebook_trainer_pinterest_and_more	2024-09-07 12:05:46.91752+03
51	main	0033_rename_x_trainer_twitter	2024-09-07 12:41:24.987244+03
52	main	0034_rename_twitter_trainer_wesbite	2024-09-07 12:54:02.175589+03
53	main	0035_rename_pinterest_trainer_instagram_trainer_twitter	2024-09-07 12:55:56.748945+03
54	main	0036_rename_wesbite_trainer_blog	2024-09-07 13:43:50.957711+03
55	main	0037_traineracheivement	2024-09-07 15:06:35.188451+03
56	main	0038_traineracheivement_date	2024-09-07 15:21:30.476765+03
57	main	0039_trainer_salry	2024-09-07 15:52:18.89551+03
58	main	0040_rename_salry_trainer_salary	2024-09-07 15:54:03.243012+03
59	main	0041_trainersalary	2024-09-07 15:58:49.552963+03
60	main	0042_alter_trainersalary_options	2024-09-07 16:01:02.469274+03
61	main	0043_alter_trainersalary_remarks	2024-09-07 16:05:03.041176+03
62	main	0044_alter_enquiry_email_alter_enquiry_full_name	2024-09-08 21:37:06.970163+03
63	main	0045_alter_enquiry_email_alter_enquiry_full_name	2024-09-08 21:39:06.524927+03
64	main	0046_trainernotifications	2024-09-10 11:20:09.226501+03
65	main	0047_alter_notifuserstatus_user_notiftrainerstatus	2024-09-10 11:36:22.706602+03
66	main	0046_alter_notifuserstatus_user	2024-09-10 20:20:57.201993+03
67	main	0047_trainernotification	2024-09-10 20:23:09.722619+03
68	main	0048_notiftrainerstatus	2024-09-10 20:36:44.311677+03
69	main	0049_trainermessage	2024-09-10 21:12:07.028673+03
70	main	0050_alter_trainermessage_user_type	2024-09-10 21:47:55.675564+03
71	main	0051_remove_trainermessage_user_type	2024-09-10 21:50:58.508541+03
72	sites	0001_initial	2024-09-11 09:19:10.722541+03
73	sites	0002_alter_domain_unique	2024-09-11 09:19:10.770571+03
74	main	0052_trainersubscriberreport	2024-09-20 21:17:28.333264+03
75	main	0053_appsetting	2024-09-21 15:02:22.546043+03
\.


--
-- TOC entry 5130 (class 0 OID 16534)
-- Dependencies: 234
-- Data for Name: django_session; Type: TABLE DATA; Schema: public; Owner: postgres
--

COPY public.django_session (session_key, session_data, expire_date) FROM stdin;
ju52oeiqh00swtev9r8zj4mqx0mw1fyv	.eJxVjMsOwiAQRf-FtSEMb1267zeQAQapGkhKuzL-uzbpQrf3nHNfLOC21rANWsKc2YUBO_1uEdOD2g7yHdut89TbusyR7wo_6OBTz_S8Hu7fQcVRvzUCnYV0BosH0EgCiyvknQWrXZbCJG29ImWiUBHQCyN0glSgSKlQefb-ANDENyc:1smssz:W97J6pUT8-zKLZ2Ed2QmQig258stqxNd0oZnHjyC1j4	2024-09-21 13:41:45.584711+03
tr4jr56kmza4wo22wkf02bs625ks9wbl	.eJxVjMsOwiAQRf-FtSEMb1267zeQAQapGkhKuzL-uzbpQrf3nHNfLOC21rANWsKc2YUBO_1uEdOD2g7yHdut89TbusyR7wo_6OBTz_S8Hu7fQcVRvzUCnYV0BosH0EgCiyvknQWrXZbCJG29ImWiUBHQCyN0glSgSKlQefb-ANDENyc:1smtmm:YB_1qh1nqId0uW_hJ57wtbPRAJqNUTEySvcK89eE3vM	2024-09-21 14:39:24.009344+03
ww8g0sxbwijtwnqjcxcwso73iwrlm4ul	.eJxVjEEOwiAQRe8ya0OAKcS6dO8ZyMAMUjWQlHZlvLtt0oVu33v_vyHQupSwdpnDxHABD6dfFik9pe6CH1TvTaVWl3mKak_UYbu6NZbX9Wj_Dgr1sq0FhbQVw2mk4YxiotfoR8vWiCGXUTK6nN1G2GIUjSwuDey8T5FRw-cL-VY4gg:1smu6h:Ww0bYyPpP1HIDwRmyqe-o507rHEkN5jLX9dvGiYCb0c	2024-09-21 14:59:59.362604+03
hibs99bt4lszpu611km70nt8gknkn8qp	.eJxVjMsOwiAQRf-FtSEMb1267zeQAQapGkhKuzL-uzbpQrf3nHNfLOC21rANWsKc2YUBO_1uEdOD2g7yHdut89TbusyR7wo_6OBTz_S8Hu7fQcVRvzUCnYV0BosH0EgCiyvknQWrXZbCJG29ImWiUBHQCyN0glSgSKlQefb-ANDENyc:1snMAP:nB83h5l8GHydEHLhWAfKB3EI2y0-ASgMltb7O_T2xyc	2024-09-22 20:57:41.595482+03
4upvixfh24pi7kr9003vtkl774bv4tv7	.eJxVjMsOwiAQRf-FtSEMb1267zeQAQapGkhKuzL-uzbpQrf3nHNfLOC21rANWsKc2YUBO_1uEdOD2g7yHdut89TbusyR7wo_6OBTz_S8Hu7fQcVRvzUCnYV0BosH0EgCiyvknQWrXZbCJG29ImWiUBHQCyN0glSgSKlQefb-ANDENyc:1sniqb:6YyA3t9yxREIZ3bt3shD3cF4Y0zPpsXNvz1FHoGUM2o	2024-09-23 21:10:45.71918+03
hif0dtmgqhsct3mc6gumb3lgzx2ksg63	.eJxVjMsOwiAQRf-FtSEMb1267zeQAQapGkhKuzL-uzbpQrf3nHNfLOC21rANWsKc2YUBO_1uEdOD2g7yHdut89TbusyR7wo_6OBTz_S8Hu7fQcVRvzUCnYV0BosH0EgCiyvknQWrXZbCJG29ImWiUBHQCyN0glSgSKlQefb-ANDENyc:1snwN2:Zzqgmf4vJi23_t1JISyZNOTN3zVtRwlk32QgdIg4wHY	2024-09-24 11:37:08.533731+03
x904aq92fwavyalt35mc1yab8y5fhwlq	.eJxVjMsOwiAQRf-FtSEMb1267zeQAQapGkhKuzL-uzbpQrf3nHNfLOC21rANWsKc2YUBO_1uEdOD2g7yHdut89TbusyR7wo_6OBTz_S8Hu7fQcVRvzUCnYV0BosH0EgCiyvknQWrXZbCJG29ImWiUBHQCyN0glSgSKlQefb-ANDENyc:1so4oE:_RHwA13mP8lg6vHZRuaos3iFQ_A-psF4kuU3Gak_X6o	2024-09-24 20:37:46.202898+03
zsuhuzzwcy4rtmzioxebigfu0896tz47	.eJxVjsEKwyAQRP_FcxF1ozQ59t5vCKu7JrZBwZhT6b83gVDa63szw7zEiFubx23lOiYSg3Di8ss8hifnQ9AD81RkKLnV5OURkadd5b0QL7cz-zcw4zrvbQZGZVhT6LG7AmvvFLjekNGs0UbgCDZGuxMy4FkBsQ0dWeeCJ1D7aKuYMtelTCmLodWNv-x4rt8fTlBElw:1so5fk:LgFWUS_fDrFb64YFOmVTDYGyPO_bou3xtxL0ztoEUoo	2024-09-24 21:33:04.303003+03
dp2q4fmo5nb1oduxb6p0tt1zanuyqy4h	eyJ0cmFpbmVybG9naW4iOnRydWUsInRyYWluZXJpZCI6MX0:1soHAN:p6vmntKLvUnsJbEIsm2bGTrypUdTsQg7GwsNMRXPxrE	2024-09-25 09:49:27.861243+03
lgo8r8qv4f00ehg6bbw5b2m1rcboddoi	eyJ0cmFpbmVybG9naW4iOnRydWUsInRyYWluZXJpZCI6MX0:1srgm6:IzqdeCzzIXDI5ksvrEAM6UmxPRr6QT3rbZ-MCLHaOWE	2024-10-04 19:46:30.181796+03
\.


--
-- TOC entry 5178 (class 0 OID 41499)
-- Dependencies: 282
-- Data for Name: django_site; Type: TABLE DATA; Schema: public; Owner: postgres
--

COPY public.django_site (id, domain, name) FROM stdin;
1	example.com	example.com
\.


--
-- TOC entry 5182 (class 0 OID 41540)
-- Dependencies: 286
-- Data for Name: main_appsetting; Type: TABLE DATA; Schema: public; Owner: postgres
--

COPY public.main_appsetting (id, logo_img) FROM stdin;
\.


--
-- TOC entry 5164 (class 0 OID 41296)
-- Dependencies: 268
-- Data for Name: main_assignsubscriber; Type: TABLE DATA; Schema: public; Owner: postgres
--

COPY public.main_assignsubscriber (id, trainer_id, user_id) FROM stdin;
3	1	6
\.


--
-- TOC entry 5134 (class 0 OID 24736)
-- Dependencies: 238
-- Data for Name: main_banners; Type: TABLE DATA; Schema: public; Owner: postgres
--

COPY public.main_banners (id, img, alt_text) FROM stdin;
10	banners/pexels-willpicturethis-1954524.jpg	3
14	banners/pexels-victorfreitas-791763_1.jpg	7
16	banners/pexels-olly-3839058_1.jpg	9
17	banners/pexels-cottonbro-4761352.jpg	5
\.


--
-- TOC entry 5140 (class 0 OID 24758)
-- Dependencies: 244
-- Data for Name: main_enquiry; Type: TABLE DATA; Schema: public; Owner: postgres
--

COPY public.main_enquiry (id, full_name, email, detail, send_time) FROM stdin;
1	Kyrillos	none@none.com	Test enquiry	2024-08-16 11:09:37.180335+03
\.


--
-- TOC entry 5138 (class 0 OID 24750)
-- Dependencies: 242
-- Data for Name: main_faq; Type: TABLE DATA; Schema: public; Owner: postgres
--

COPY public.main_faq (id, question, answer) FROM stdin;
1	What is the best routine for the gym?	The best routine for the gym is one that is flexible with your schedule and you actually enjoy. These two factors will contribute greatly to your ability to be consistent with your workouts. Consistency with your workouts and progressing as you perform them is what will lead to results.\r\n\r\nThat being said, there are plenty of great workout program styles one can do to build muscle, lose fat, or build strength. The body composition goals (building muscle and losing fat) will be accomplished through similar style workouts combined with differing nutritional principles, while those looking for strength gains may need to focus on programs that are centered on the idea of specificity.\r\n\r\nTo sum that statement up, if you want to change your body composition, youll want to train with volume. If you want to build strength, youll want a program that is strength specific for the lifts you want to improve such as the bench press, squat and deadlift.
2	What body parts to work on what days?	The answer to this question would assume that the person asking is referring to body part splits. In this case, the way you split your days likely wont matter too much, as long as you work every body part throughout the week.\r\n\r\nThere may be some benefit into ensuring you dont hit chest and shoulders or legs and back on consecutive days, but if you do, it probably wont be that big of an issue depending on your overall strength levels.\r\n\r\nHowever, if you are looking to optimize your training by incorporating a higher training frequency (hitting each muscle group more often throughout the week), you may want to look into pairing certain muscle groups on certain workout days.\r\n\r\nThe most popular pairings are full body workouts, upper/lower workouts, push/pull workouts and push/pull/legs workouts.\r\n\r\nAgain, the actual days you put your workouts on likely wont make that much of a difference to the overall outcome of your training so long as you are consistent with your workouts and implement progressive overload (increasing the weight used) over time.
3	What should a beginner do at the gym?	The best thing a beginner can do at the gym is seek out the help of a trained professional to assist them with learning the proper form of each exercise. Practicing the basics and establishing a solid foundation in terms of form will help a beginner lifter remain injury free throughout their life.\r\n\r\nIf you are not in the position to hire a trained professional, you may want to proceed working out with some level of caution. The same recommendation of practicing the fundamentals still applies. Start off with light weight (the bar on barbell exercises) and record yourself performing exercises.\r\n\r\nWith the exercise recordings, compare your form with examples of proper form. Evaluate how you are moving and progress from there by either working on your form, or after youve mastered your form, adding weight.
4	What is the best workout routine for beginners?	The best workout routine for true beginners is rather subjective to what the beginner is comfortable doing and their understanding of how to perform exercises.\r\n\r\nTheir ultimate goal will also play a huge factor as well.\r\n\r\nGenerally speaking though, beginners can start off performing anywhere between 2-4 workouts per week. These workouts can be either full body workouts or upper/lower workouts.\r\n\r\nThe workouts should focus on learning ideal movement patterns of fundamental lifts such as horizontal presses, vertical presses, horizontal pulls, vertical pulls, squats, hip hinges, and loaded carries.\r\n\r\nThere are several beginner workout routines on Muscle & Strength that can give beginners a template to start off with.
5	What is the best workout schedule to build muscle?	The best workout schedule to build muscle is a workout schedule that you enjoy and can be consistent with.\r\n\r\nIn addition to consistency, it would be beneficial to have a higher training frequency if the goal is to build lean muscle mass. Youll want to hit each muscle group either directly or indirectly 2-3 times weekly to maximize muscle growth.\r\n\r\nSome great splits to look into would be full body workouts, upper/lower workouts, push/pull workouts and push/pull/legs workouts.
6	What are the 10 best exercises?	The best 10 exercises for someone might not be the best 10 exercise for another person. When selecting an exercise to use, its important to keep your own abilities and goals in mind. Some people might be able to perform an exercise with no pain at all, while that same exercise might cause another a lot of pain. If it hurts, dont do it and find an alternative.\r\n\r\nThat being said, there are certainly important movement patterns that everyone who is capable should try to train.\r\n\r\nThe following exercises are my personal favorite 10 exercises that would be fantastic to include in your workouts. However, like I said, you may need to substitute these with a variation that is better suited for your individual body type, training experience, and needs.\r\n\r\nTrap Bar Deadlift\r\nFront Squat\r\nBarbell Glute Bridge\r\nBulgarian Split Squat\r\nMilitary Press\r\nPull Up\r\nBarbell Row\r\nBarbell Bench Press\r\nFarmers Walk\r\nDip
7	How do I schedule my workout at the gym?	This all boils down to setting up and selecting workout programs that are both flexible and enjoyable. There is no perfect one way to set up training. Its very subjective from person to person.\r\n\r\nIf you only have 2 days where youre able to make it to the gym, a full body workout makes sense. 3 days? Full body makes sense, push/pull/legs can work as well if that is what you enjoy. The more days you have available, the more split and scheduling options youll have.\r\n\r\nStart off by figuring out how many and what days you can make it to the gym regularly. Then, look to schedule your training on those days. Find a workout that doesnt require any more than that total training frequency. Then, look for something where if you miss a training day, youre able to make it up throughout the week or already train that muscle more than once per week.
8	Can you gain 10 pounds of muscle in a month?	You can gain 10 pounds in a month. You cant gain 10 pounds of pure muscle in a month naturally.\r\n\r\n10 pounds in a month is likely during a lean bulking phase, especially for beginners. The muscle will grow fairly quickly, and if youre coming off a fat loss phase, early weight gain will be from glycogen replenishing and being stored in the body.\r\n\r\nIf your goal is to gain muscle, its better to take a slower approach. This will limit fat gain during your muscle building phases.
9	What is a good gym routine?	A good gym routine is one that you enjoy, works your muscles with the appropriate frequency and volume for your experience level, and that you can be consistent with.\r\n\r\nThis can look very different from person to person.\r\n\r\nExercise selection for a good gym routine will train fundamental movement patterns (push, pull, lunge, hip hinge, squat, and carry) in a way that you are comfortable performing them. There is a pain-free variation for nearly every body type who can healthily perform these movements.\r\n\r\nA good gym routine also focuses on progression. This means making the workouts more challenging in some way from week to week, or training phase to training phase as you get more advanced.
10	How much weight should a beginner lift?	The total amount of weight someone should use is going to be different from individual to individual, and also exercise to exercise for each individual. Depending on the program, it might vary from set to set of each exercise based on the rep scheme.\r\n\r\nThe general recommendation would be to experiment. You want your sets to be hard and very near failure whenever its possible to train at such an intensity.\r\n\r\nFor compound exercises (like the fundamental ones listed above), aim to finish each set feeling as though you couldve performed 1-3 more reps if pushed to your limit.\r\n\r\nOn insolation exercises (those where you train just one muscle such as a leg extension or lateral raise) you can push yourself closer to complete failure.
\.


--
-- TOC entry 5142 (class 0 OID 24766)
-- Dependencies: 246
-- Data for Name: main_gallery; Type: TABLE DATA; Schema: public; Owner: postgres
--

COPY public.main_gallery (id, title, detail, img) FROM stdin;
1	Cardio	Capturing self-challenging moments	gallery/pexels-823sl-2294403_1.jpg
3	Dancing	Enjoy the moment	gallery/pexels-allan-mas-5368956.jpg
4	Workout	Fight for your right	gallery/pexels-ketut-subiyanto-4720268_1.jpg
2	Competitions	Rewards were granted	gallery/pexels-julia-larson-6456264.jpg
\.


--
-- TOC entry 5144 (class 0 OID 24774)
-- Dependencies: 248
-- Data for Name: main_galleryimage; Type: TABLE DATA; Schema: public; Owner: postgres
--

COPY public.main_galleryimage (id, alt_text, img, gallery_id) FROM stdin;
2	Cardio 1	gallery_images/pexels-823sl-2294403_1_QaKez7F.jpg	1
9	Cardio 8	gallery_images/pexels-mvdheuvel-4254902.jpg	1
8	Cardio 7	gallery_images/pexels-leonardho-2468339.jpg	1
7	Cardio 6	gallery_images/pexels-leonardho-1552242.jpg	1
6	Cardio 5	gallery_images/pexels-ketut-subiyanto-4720796_1.jpg	1
5	Cardio 4	gallery_images/pexels-heyho-7031705.jpg	1
4	Cardio 3	gallery_images/pexels-gabby-k-6999016.jpg	1
3	Cardio 2	gallery_images/pexels-cottonbro-5319494.jpg	1
10	Competition 1	gallery_images/pexels-allan-mas-5383767.jpg	2
11	Competition 2	gallery_images/pexels-alohaphotostudio-8364080.jpg	2
12	Competition 3	gallery_images/pexels-ardit-mbrati-216809103-16966303.jpg	2
13	Competition 4	gallery_images/pexels-ardit-mbrati-216809103-16966373.jpg	2
14	Competition 5	gallery_images/pexels-julia-larson-6456264.jpg	2
15	Competition 6	gallery_images/pexels-sergk1-12417822.jpg	2
16	Dancing 1	gallery_images/pexels-allan-mas-5368956.jpg	3
17	Dancing 2	gallery_images/pexels-allan-mas-5370344.jpg	3
18	Dancing 3	gallery_images/pexels-allan-mas-5370401.jpg	3
19	Dancing 4	gallery_images/pexels-pixabay-159273.jpg	3
20	Workout 1	gallery_images/pexels-anush-1431282.jpg	4
21	Workout 2	gallery_images/pexels-brunogobofoto-2204196.jpg	4
22	Workout 3	gallery_images/pexels-cesar-galeao-1673528-3289711.jpg	4
23	Workout 4	gallery_images/pexels-cottonbro-4753996.jpg	4
24	Workout 5	gallery_images/pexels-ivan-samkov-4164761.jpg	4
25	Workout 6	gallery_images/pexels-ivan-samkov-4164849.jpg	4
26	Workout 7	gallery_images/pexels-ketut-subiyanto-4720268_1.jpg	4
27	Workout 8	gallery_images/pexels-victorfreitas-703014.jpg	4
28	Workout 9	gallery_images/pexels-victorfreitas-703016.jpg	4
29	Workout 10	gallery_images/pexels-victorfreitas-791763_1.jpg	4
30	Workout 11	gallery_images/pexels-victorfreitas-2261477.jpg	4
\.


--
-- TOC entry 5174 (class 0 OID 41461)
-- Dependencies: 278
-- Data for Name: main_notiftrainerstatus; Type: TABLE DATA; Schema: public; Owner: postgres
--

COPY public.main_notiftrainerstatus (id, status, notif_id, trainer_id) FROM stdin;
\.


--
-- TOC entry 5162 (class 0 OID 41268)
-- Dependencies: 266
-- Data for Name: main_notifuserstatus; Type: TABLE DATA; Schema: public; Owner: postgres
--

COPY public.main_notifuserstatus (id, status, notif_id, user_id) FROM stdin;
\.


--
-- TOC entry 5160 (class 0 OID 41248)
-- Dependencies: 264
-- Data for Name: main_notify; Type: TABLE DATA; Schema: public; Owner: postgres
--

COPY public.main_notify (id, notify_detail, read_by_trainer_id, read_by_user_id) FROM stdin;
4	Please communicate with the trainer for further info related to the diet plan	\N	\N
5	Kindly make sure to check your email on daily basis to stay up to date with our new training schedules	\N	\N
\.


--
-- TOC entry 5136 (class 0 OID 24742)
-- Dependencies: 240
-- Data for Name: main_page; Type: TABLE DATA; Schema: public; Owner: postgres
--

COPY public.main_page (id, title, detail) FROM stdin;
2	Privacy	This is privacy page
3	Terms	This is terms page
1	About Us	This is A web-based application to manage gym memberships, classes, trainers, and other related operations. This project aims to simplify the administration and operational tasks of gym management by providing an easy-to-use interface for gym owners and staff.\r\n\r\nFeatures of this web app:\r\n\r\n- Membership Management: Track and manage gym memberships, including membership types, renewal dates, and member details.\r\n- Class Scheduling: Manage class schedules, including assigning trainers and managing participant lists.\r\n- Trainer Management: Keep records of trainers, their expertise, and the classes they lead.\r\n- Attendance Tracking: Monitor member attendance for classes and overall gym visits.\r\n- Payment Management: Track payments for memberships and other gym services.\r\n- Admin Interface: Use Djangos built-in admin interface for easy management of the systems data.\r\n\r\nThis is a CS599 graduation project at the Faculty of Graduate Studies for Statistical Researches - Cairo University. Under the supervision of Dr. Mostafa Ezzat.\r\nTeam members:\r\n     * Abdelrahman\r\n     * Kyrillos\r\n     * Mohamed\r\n     * Nagy\r\n     * Omar
\.


--
-- TOC entry 5152 (class 0 OID 41190)
-- Dependencies: 256
-- Data for Name: main_plandiscount; Type: TABLE DATA; Schema: public; Owner: postgres
--

COPY public.main_plandiscount (id, total_months, total_discount, subplan_id) FROM stdin;
1	1	0	1
2	3	10	1
3	6	20	1
4	12	30	1
\.


--
-- TOC entry 5132 (class 0 OID 16544)
-- Dependencies: 236
-- Data for Name: main_service; Type: TABLE DATA; Schema: public; Owner: postgres
--

COPY public.main_service (id, title, detail, img) FROM stdin;
1	Cardio	cardio	services/pexels-heyho-7031705.jpg
3	Dancing	dancing	services/pexels-allan-mas-5368956.jpg
2	Bodybuilding	bodybuilding	services/pexels-victorfreitas-791763.jpg
\.


--
-- TOC entry 5146 (class 0 OID 24786)
-- Dependencies: 250
-- Data for Name: main_subplan; Type: TABLE DATA; Schema: public; Owner: postgres
--

COPY public.main_subplan (id, title, price, highlight, max_member, valid_days) FROM stdin;
3	Advanced	700	t	5	30
2	Intermediate	450	f	10	30
1	Basic	250	f	20	30
\.


--
-- TOC entry 5148 (class 0 OID 24792)
-- Dependencies: 252
-- Data for Name: main_subplanfeature; Type: TABLE DATA; Schema: public; Owner: postgres
--

COPY public.main_subplanfeature (id, feature) FROM stdin;
9	Personal Trainer
12	Preparation for Domestic Competition
6	Dietary Program
3	Workout Routine Designed Especially
\.


--
-- TOC entry 5150 (class 0 OID 41170)
-- Dependencies: 254
-- Data for Name: main_subplanfeature_subplan; Type: TABLE DATA; Schema: public; Owner: postgres
--

COPY public.main_subplanfeature_subplan (id, subplanfeature_id, subplan_id) FROM stdin;
4	3	1
5	3	2
6	3	3
7	6	1
8	6	2
9	6	3
10	9	2
11	9	3
12	12	3
\.


--
-- TOC entry 5156 (class 0 OID 41208)
-- Dependencies: 260
-- Data for Name: main_subscriber; Type: TABLE DATA; Schema: public; Owner: postgres
--

COPY public.main_subscriber (id, mobile, address, img, user_id) FROM stdin;
1	+20100 000 0000	FGSSR, Cairo University, Giza	subs/JW.jpg	6
\.


--
-- TOC entry 5154 (class 0 OID 41202)
-- Dependencies: 258
-- Data for Name: main_subscription; Type: TABLE DATA; Schema: public; Owner: postgres
--

COPY public.main_subscription (id, price, plan_id, user_id, reg_date) FROM stdin;
2	450	2	6	2024-09-07
\.


--
-- TOC entry 5158 (class 0 OID 41234)
-- Dependencies: 262
-- Data for Name: main_trainer; Type: TABLE DATA; Schema: public; Owner: postgres
--

COPY public.main_trainer (id, full_name, mobile, address, is_active, details, img, password, username, facebook, instagram, blog, youtube, twitter, salary) FROM stdin;
1	Mark Lauren	+1	USA	t	Body Weight Founder, and You Are Your Own Gym book author	trainers/Mark_Lauren.jpeg	bodyweight2024	mark.lauren	https://facebook.com/bodyweight	https://instagram.com/mark_lauren_bodyweight	https://marklauren.com/blog/	https://youtube.com/marklauren2	https://x.com/yourowngym	7000
\.


--
-- TOC entry 5166 (class 0 OID 41321)
-- Dependencies: 270
-- Data for Name: main_traineracheivement; Type: TABLE DATA; Schema: public; Owner: postgres
--

COPY public.main_traineracheivement (id, title, img, details, trainer_id, date) FROM stdin;
3	You Are Your Own Gym	trainers_achievments/yayog-small.jpg	The Bible of Bodyweight Exercises was eventually self-published	1	2010-01-01
2	Combat Controller	trainers_achievments/Screenshot_7-9-2024_15337_marklauren.com.jpeg	U.S. Special Operations Community	1	1997-01-01
\.


--
-- TOC entry 5176 (class 0 OID 41479)
-- Dependencies: 280
-- Data for Name: main_trainermessage; Type: TABLE DATA; Schema: public; Owner: postgres
--

COPY public.main_trainermessage (id, message, trainer_id, user_id) FROM stdin;
1	Hi Mark,\r\n\r\nWe're happy to have you in our team.	1	1
\.


--
-- TOC entry 5172 (class 0 OID 41452)
-- Dependencies: 276
-- Data for Name: main_trainernotification; Type: TABLE DATA; Schema: public; Owner: postgres
--

COPY public.main_trainernotification (id, notif_msg) FROM stdin;
2	This is a test notification for trainers (1)
3	This is a test notification for trainers (2)
\.


--
-- TOC entry 5170 (class 0 OID 41363)
-- Dependencies: 274
-- Data for Name: main_trainernotifications; Type: TABLE DATA; Schema: public; Owner: postgres
--

COPY public.main_trainernotifications (id, notif_msg) FROM stdin;
\.


--
-- TOC entry 5168 (class 0 OID 41336)
-- Dependencies: 272
-- Data for Name: main_trainersalary; Type: TABLE DATA; Schema: public; Owner: postgres
--

COPY public.main_trainersalary (id, amount, amount_date, remarks, trainer_id) FROM stdin;
2	7500	2024-09-01		1
1	7000	2024-10-01		1
\.


--
-- TOC entry 5180 (class 0 OID 41508)
-- Dependencies: 284
-- Data for Name: main_trainersubscriberreport; Type: TABLE DATA; Schema: public; Owner: postgres
--

COPY public.main_trainersubscriberreport (id, report_msg, report_for_trainer_id, report_for_user_id, report_from_trainer_id, report_from_user_id) FROM stdin;
1	Please communicate with the admin office for subscription renewal.	\N	6	\N	\N
\.


--
-- TOC entry 5189 (class 0 OID 0)
-- Dependencies: 222
-- Name: auth_group_id_seq; Type: SEQUENCE SET; Schema: public; Owner: postgres
--

SELECT pg_catalog.setval('public.auth_group_id_seq', 1, false);


--
-- TOC entry 5190 (class 0 OID 0)
-- Dependencies: 224
-- Name: auth_group_permissions_id_seq; Type: SEQUENCE SET; Schema: public; Owner: postgres
--

SELECT pg_catalog.setval('public.auth_group_permissions_id_seq', 1, false);


--
-- TOC entry 5191 (class 0 OID 0)
-- Dependencies: 220
-- Name: auth_permission_id_seq; Type: SEQUENCE SET; Schema: public; Owner: postgres
--

SELECT pg_catalog.setval('public.auth_permission_id_seq', 124, true);


--
-- TOC entry 5192 (class 0 OID 0)
-- Dependencies: 228
-- Name: auth_user_groups_id_seq; Type: SEQUENCE SET; Schema: public; Owner: postgres
--

SELECT pg_catalog.setval('public.auth_user_groups_id_seq', 1, false);


--
-- TOC entry 5193 (class 0 OID 0)
-- Dependencies: 226
-- Name: auth_user_id_seq; Type: SEQUENCE SET; Schema: public; Owner: postgres
--

SELECT pg_catalog.setval('public.auth_user_id_seq', 6, true);


--
-- TOC entry 5194 (class 0 OID 0)
-- Dependencies: 230
-- Name: auth_user_user_permissions_id_seq; Type: SEQUENCE SET; Schema: public; Owner: postgres
--

SELECT pg_catalog.setval('public.auth_user_user_permissions_id_seq', 1, false);


--
-- TOC entry 5195 (class 0 OID 0)
-- Dependencies: 232
-- Name: django_admin_log_id_seq; Type: SEQUENCE SET; Schema: public; Owner: postgres
--

SELECT pg_catalog.setval('public.django_admin_log_id_seq', 186, true);


--
-- TOC entry 5196 (class 0 OID 0)
-- Dependencies: 218
-- Name: django_content_type_id_seq; Type: SEQUENCE SET; Schema: public; Owner: postgres
--

SELECT pg_catalog.setval('public.django_content_type_id_seq', 31, true);


--
-- TOC entry 5197 (class 0 OID 0)
-- Dependencies: 216
-- Name: django_migrations_id_seq; Type: SEQUENCE SET; Schema: public; Owner: postgres
--

SELECT pg_catalog.setval('public.django_migrations_id_seq', 75, true);


--
-- TOC entry 5198 (class 0 OID 0)
-- Dependencies: 281
-- Name: django_site_id_seq; Type: SEQUENCE SET; Schema: public; Owner: postgres
--

SELECT pg_catalog.setval('public.django_site_id_seq', 1, true);


--
-- TOC entry 5199 (class 0 OID 0)
-- Dependencies: 285
-- Name: main_appsetting_id_seq; Type: SEQUENCE SET; Schema: public; Owner: postgres
--

SELECT pg_catalog.setval('public.main_appsetting_id_seq', 1, false);


--
-- TOC entry 5200 (class 0 OID 0)
-- Dependencies: 267
-- Name: main_assignsubscriber_id_seq; Type: SEQUENCE SET; Schema: public; Owner: postgres
--

SELECT pg_catalog.setval('public.main_assignsubscriber_id_seq', 3, true);


--
-- TOC entry 5201 (class 0 OID 0)
-- Dependencies: 237
-- Name: main_banners_id_seq; Type: SEQUENCE SET; Schema: public; Owner: postgres
--

SELECT pg_catalog.setval('public.main_banners_id_seq', 17, true);


--
-- TOC entry 5202 (class 0 OID 0)
-- Dependencies: 243
-- Name: main_enquiry_id_seq; Type: SEQUENCE SET; Schema: public; Owner: postgres
--

SELECT pg_catalog.setval('public.main_enquiry_id_seq', 1, true);


--
-- TOC entry 5203 (class 0 OID 0)
-- Dependencies: 241
-- Name: main_faq_id_seq; Type: SEQUENCE SET; Schema: public; Owner: postgres
--

SELECT pg_catalog.setval('public.main_faq_id_seq', 11, true);


--
-- TOC entry 5204 (class 0 OID 0)
-- Dependencies: 245
-- Name: main_gallery_id_seq; Type: SEQUENCE SET; Schema: public; Owner: postgres
--

SELECT pg_catalog.setval('public.main_gallery_id_seq', 4, true);


--
-- TOC entry 5205 (class 0 OID 0)
-- Dependencies: 247
-- Name: main_galleryimage_id_seq; Type: SEQUENCE SET; Schema: public; Owner: postgres
--

SELECT pg_catalog.setval('public.main_galleryimage_id_seq', 30, true);


--
-- TOC entry 5206 (class 0 OID 0)
-- Dependencies: 277
-- Name: main_notiftrainerstatus_id_seq; Type: SEQUENCE SET; Schema: public; Owner: postgres
--

SELECT pg_catalog.setval('public.main_notiftrainerstatus_id_seq', 1, false);


--
-- TOC entry 5207 (class 0 OID 0)
-- Dependencies: 265
-- Name: main_notifuserstatus_id_seq; Type: SEQUENCE SET; Schema: public; Owner: postgres
--

SELECT pg_catalog.setval('public.main_notifuserstatus_id_seq', 1, false);


--
-- TOC entry 5208 (class 0 OID 0)
-- Dependencies: 263
-- Name: main_notify_id_seq; Type: SEQUENCE SET; Schema: public; Owner: postgres
--

SELECT pg_catalog.setval('public.main_notify_id_seq', 5, true);


--
-- TOC entry 5209 (class 0 OID 0)
-- Dependencies: 239
-- Name: main_page_id_seq; Type: SEQUENCE SET; Schema: public; Owner: postgres
--

SELECT pg_catalog.setval('public.main_page_id_seq', 3, true);


--
-- TOC entry 5210 (class 0 OID 0)
-- Dependencies: 255
-- Name: main_plandiscount_id_seq; Type: SEQUENCE SET; Schema: public; Owner: postgres
--

SELECT pg_catalog.setval('public.main_plandiscount_id_seq', 4, true);


--
-- TOC entry 5211 (class 0 OID 0)
-- Dependencies: 235
-- Name: main_service_id_seq; Type: SEQUENCE SET; Schema: public; Owner: postgres
--

SELECT pg_catalog.setval('public.main_service_id_seq', 3, true);


--
-- TOC entry 5212 (class 0 OID 0)
-- Dependencies: 249
-- Name: main_subplan_id_seq; Type: SEQUENCE SET; Schema: public; Owner: postgres
--

SELECT pg_catalog.setval('public.main_subplan_id_seq', 3, true);


--
-- TOC entry 5213 (class 0 OID 0)
-- Dependencies: 251
-- Name: main_subplanfeature_id_seq; Type: SEQUENCE SET; Schema: public; Owner: postgres
--

SELECT pg_catalog.setval('public.main_subplanfeature_id_seq', 13, true);


--
-- TOC entry 5214 (class 0 OID 0)
-- Dependencies: 253
-- Name: main_subplanfeature_subplan_id_seq; Type: SEQUENCE SET; Schema: public; Owner: postgres
--

SELECT pg_catalog.setval('public.main_subplanfeature_subplan_id_seq', 12, true);


--
-- TOC entry 5215 (class 0 OID 0)
-- Dependencies: 259
-- Name: main_subscriber_id_seq; Type: SEQUENCE SET; Schema: public; Owner: postgres
--

SELECT pg_catalog.setval('public.main_subscriber_id_seq', 1, true);


--
-- TOC entry 5216 (class 0 OID 0)
-- Dependencies: 257
-- Name: main_subscription_id_seq; Type: SEQUENCE SET; Schema: public; Owner: postgres
--

SELECT pg_catalog.setval('public.main_subscription_id_seq', 2, true);


--
-- TOC entry 5217 (class 0 OID 0)
-- Dependencies: 261
-- Name: main_trainer_id_seq; Type: SEQUENCE SET; Schema: public; Owner: postgres
--

SELECT pg_catalog.setval('public.main_trainer_id_seq', 1, true);


--
-- TOC entry 5218 (class 0 OID 0)
-- Dependencies: 269
-- Name: main_traineracheivement_id_seq; Type: SEQUENCE SET; Schema: public; Owner: postgres
--

SELECT pg_catalog.setval('public.main_traineracheivement_id_seq', 3, true);


--
-- TOC entry 5219 (class 0 OID 0)
-- Dependencies: 279
-- Name: main_trainermessage_id_seq; Type: SEQUENCE SET; Schema: public; Owner: postgres
--

SELECT pg_catalog.setval('public.main_trainermessage_id_seq', 1, true);


--
-- TOC entry 5220 (class 0 OID 0)
-- Dependencies: 275
-- Name: main_trainernotification_id_seq; Type: SEQUENCE SET; Schema: public; Owner: postgres
--

SELECT pg_catalog.setval('public.main_trainernotification_id_seq', 3, true);


--
-- TOC entry 5221 (class 0 OID 0)
-- Dependencies: 273
-- Name: main_trainernotifications_id_seq; Type: SEQUENCE SET; Schema: public; Owner: postgres
--

SELECT pg_catalog.setval('public.main_trainernotifications_id_seq', 1, false);


--
-- TOC entry 5222 (class 0 OID 0)
-- Dependencies: 271
-- Name: main_trainersalary_id_seq; Type: SEQUENCE SET; Schema: public; Owner: postgres
--

SELECT pg_catalog.setval('public.main_trainersalary_id_seq', 2, true);


--
-- TOC entry 5223 (class 0 OID 0)
-- Dependencies: 283
-- Name: main_trainersubscriberreport_id_seq; Type: SEQUENCE SET; Schema: public; Owner: postgres
--

SELECT pg_catalog.setval('public.main_trainersubscriberreport_id_seq', 1, true);


--
-- TOC entry 4823 (class 2606 OID 16532)
-- Name: auth_group auth_group_name_key; Type: CONSTRAINT; Schema: public; Owner: postgres
--

ALTER TABLE ONLY public.auth_group
    ADD CONSTRAINT auth_group_name_key UNIQUE (name);


--
-- TOC entry 4828 (class 2606 OID 16463)
-- Name: auth_group_permissions auth_group_permissions_group_id_permission_id_0cd325b0_uniq; Type: CONSTRAINT; Schema: public; Owner: postgres
--

ALTER TABLE ONLY public.auth_group_permissions
    ADD CONSTRAINT auth_group_permissions_group_id_permission_id_0cd325b0_uniq UNIQUE (group_id, permission_id);


--
-- TOC entry 4831 (class 2606 OID 16432)
-- Name: auth_group_permissions auth_group_permissions_pkey; Type: CONSTRAINT; Schema: public; Owner: postgres
--

ALTER TABLE ONLY public.auth_group_permissions
    ADD CONSTRAINT auth_group_permissions_pkey PRIMARY KEY (id);


--
-- TOC entry 4825 (class 2606 OID 16424)
-- Name: auth_group auth_group_pkey; Type: CONSTRAINT; Schema: public; Owner: postgres
--

ALTER TABLE ONLY public.auth_group
    ADD CONSTRAINT auth_group_pkey PRIMARY KEY (id);


--
-- TOC entry 4818 (class 2606 OID 16454)
-- Name: auth_permission auth_permission_content_type_id_codename_01ab375a_uniq; Type: CONSTRAINT; Schema: public; Owner: postgres
--

ALTER TABLE ONLY public.auth_permission
    ADD CONSTRAINT auth_permission_content_type_id_codename_01ab375a_uniq UNIQUE (content_type_id, codename);


--
-- TOC entry 4820 (class 2606 OID 16418)
-- Name: auth_permission auth_permission_pkey; Type: CONSTRAINT; Schema: public; Owner: postgres
--

ALTER TABLE ONLY public.auth_permission
    ADD CONSTRAINT auth_permission_pkey PRIMARY KEY (id);


--
-- TOC entry 4839 (class 2606 OID 16446)
-- Name: auth_user_groups auth_user_groups_pkey; Type: CONSTRAINT; Schema: public; Owner: postgres
--

ALTER TABLE ONLY public.auth_user_groups
    ADD CONSTRAINT auth_user_groups_pkey PRIMARY KEY (id);


--
-- TOC entry 4842 (class 2606 OID 16478)
-- Name: auth_user_groups auth_user_groups_user_id_group_id_94350c0c_uniq; Type: CONSTRAINT; Schema: public; Owner: postgres
--

ALTER TABLE ONLY public.auth_user_groups
    ADD CONSTRAINT auth_user_groups_user_id_group_id_94350c0c_uniq UNIQUE (user_id, group_id);


--
-- TOC entry 4833 (class 2606 OID 16438)
-- Name: auth_user auth_user_pkey; Type: CONSTRAINT; Schema: public; Owner: postgres
--

ALTER TABLE ONLY public.auth_user
    ADD CONSTRAINT auth_user_pkey PRIMARY KEY (id);


--
-- TOC entry 4845 (class 2606 OID 16452)
-- Name: auth_user_user_permissions auth_user_user_permissions_pkey; Type: CONSTRAINT; Schema: public; Owner: postgres
--

ALTER TABLE ONLY public.auth_user_user_permissions
    ADD CONSTRAINT auth_user_user_permissions_pkey PRIMARY KEY (id);


--
-- TOC entry 4848 (class 2606 OID 16492)
-- Name: auth_user_user_permissions auth_user_user_permissions_user_id_permission_id_14a6b632_uniq; Type: CONSTRAINT; Schema: public; Owner: postgres
--

ALTER TABLE ONLY public.auth_user_user_permissions
    ADD CONSTRAINT auth_user_user_permissions_user_id_permission_id_14a6b632_uniq UNIQUE (user_id, permission_id);


--
-- TOC entry 4836 (class 2606 OID 16527)
-- Name: auth_user auth_user_username_key; Type: CONSTRAINT; Schema: public; Owner: postgres
--

ALTER TABLE ONLY public.auth_user
    ADD CONSTRAINT auth_user_username_key UNIQUE (username);


--
-- TOC entry 4851 (class 2606 OID 16513)
-- Name: django_admin_log django_admin_log_pkey; Type: CONSTRAINT; Schema: public; Owner: postgres
--

ALTER TABLE ONLY public.django_admin_log
    ADD CONSTRAINT django_admin_log_pkey PRIMARY KEY (id);


--
-- TOC entry 4813 (class 2606 OID 16412)
-- Name: django_content_type django_content_type_app_label_model_76bd3d3b_uniq; Type: CONSTRAINT; Schema: public; Owner: postgres
--

ALTER TABLE ONLY public.django_content_type
    ADD CONSTRAINT django_content_type_app_label_model_76bd3d3b_uniq UNIQUE (app_label, model);


--
-- TOC entry 4815 (class 2606 OID 16410)
-- Name: django_content_type django_content_type_pkey; Type: CONSTRAINT; Schema: public; Owner: postgres
--

ALTER TABLE ONLY public.django_content_type
    ADD CONSTRAINT django_content_type_pkey PRIMARY KEY (id);


--
-- TOC entry 4811 (class 2606 OID 16404)
-- Name: django_migrations django_migrations_pkey; Type: CONSTRAINT; Schema: public; Owner: postgres
--

ALTER TABLE ONLY public.django_migrations
    ADD CONSTRAINT django_migrations_pkey PRIMARY KEY (id);


--
-- TOC entry 4855 (class 2606 OID 16540)
-- Name: django_session django_session_pkey; Type: CONSTRAINT; Schema: public; Owner: postgres
--

ALTER TABLE ONLY public.django_session
    ADD CONSTRAINT django_session_pkey PRIMARY KEY (session_key);


--
-- TOC entry 4926 (class 2606 OID 41505)
-- Name: django_site django_site_domain_a2e37b91_uniq; Type: CONSTRAINT; Schema: public; Owner: postgres
--

ALTER TABLE ONLY public.django_site
    ADD CONSTRAINT django_site_domain_a2e37b91_uniq UNIQUE (domain);


--
-- TOC entry 4928 (class 2606 OID 41503)
-- Name: django_site django_site_pkey; Type: CONSTRAINT; Schema: public; Owner: postgres
--

ALTER TABLE ONLY public.django_site
    ADD CONSTRAINT django_site_pkey PRIMARY KEY (id);


--
-- TOC entry 4936 (class 2606 OID 41544)
-- Name: main_appsetting main_appsetting_pkey; Type: CONSTRAINT; Schema: public; Owner: postgres
--

ALTER TABLE ONLY public.main_appsetting
    ADD CONSTRAINT main_appsetting_pkey PRIMARY KEY (id);


--
-- TOC entry 4903 (class 2606 OID 41300)
-- Name: main_assignsubscriber main_assignsubscriber_pkey; Type: CONSTRAINT; Schema: public; Owner: postgres
--

ALTER TABLE ONLY public.main_assignsubscriber
    ADD CONSTRAINT main_assignsubscriber_pkey PRIMARY KEY (id);


--
-- TOC entry 4860 (class 2606 OID 24740)
-- Name: main_banners main_banners_pkey; Type: CONSTRAINT; Schema: public; Owner: postgres
--

ALTER TABLE ONLY public.main_banners
    ADD CONSTRAINT main_banners_pkey PRIMARY KEY (id);


--
-- TOC entry 4866 (class 2606 OID 24764)
-- Name: main_enquiry main_enquiry_pkey; Type: CONSTRAINT; Schema: public; Owner: postgres
--

ALTER TABLE ONLY public.main_enquiry
    ADD CONSTRAINT main_enquiry_pkey PRIMARY KEY (id);


--
-- TOC entry 4864 (class 2606 OID 24756)
-- Name: main_faq main_faq_pkey; Type: CONSTRAINT; Schema: public; Owner: postgres
--

ALTER TABLE ONLY public.main_faq
    ADD CONSTRAINT main_faq_pkey PRIMARY KEY (id);


--
-- TOC entry 4868 (class 2606 OID 24772)
-- Name: main_gallery main_gallery_pkey; Type: CONSTRAINT; Schema: public; Owner: postgres
--

ALTER TABLE ONLY public.main_gallery
    ADD CONSTRAINT main_gallery_pkey PRIMARY KEY (id);


--
-- TOC entry 4871 (class 2606 OID 24778)
-- Name: main_galleryimage main_galleryimage_pkey; Type: CONSTRAINT; Schema: public; Owner: postgres
--

ALTER TABLE ONLY public.main_galleryimage
    ADD CONSTRAINT main_galleryimage_pkey PRIMARY KEY (id);


--
-- TOC entry 4918 (class 2606 OID 41465)
-- Name: main_notiftrainerstatus main_notiftrainerstatus_pkey; Type: CONSTRAINT; Schema: public; Owner: postgres
--

ALTER TABLE ONLY public.main_notiftrainerstatus
    ADD CONSTRAINT main_notiftrainerstatus_pkey PRIMARY KEY (id);


--
-- TOC entry 4900 (class 2606 OID 41272)
-- Name: main_notifuserstatus main_notifuserstatus_pkey; Type: CONSTRAINT; Schema: public; Owner: postgres
--

ALTER TABLE ONLY public.main_notifuserstatus
    ADD CONSTRAINT main_notifuserstatus_pkey PRIMARY KEY (id);


--
-- TOC entry 4895 (class 2606 OID 41254)
-- Name: main_notify main_notify_pkey; Type: CONSTRAINT; Schema: public; Owner: postgres
--

ALTER TABLE ONLY public.main_notify
    ADD CONSTRAINT main_notify_pkey PRIMARY KEY (id);


--
-- TOC entry 4862 (class 2606 OID 24748)
-- Name: main_page main_page_pkey; Type: CONSTRAINT; Schema: public; Owner: postgres
--

ALTER TABLE ONLY public.main_page
    ADD CONSTRAINT main_page_pkey PRIMARY KEY (id);


--
-- TOC entry 4883 (class 2606 OID 41194)
-- Name: main_plandiscount main_plandiscount_pkey; Type: CONSTRAINT; Schema: public; Owner: postgres
--

ALTER TABLE ONLY public.main_plandiscount
    ADD CONSTRAINT main_plandiscount_pkey PRIMARY KEY (id);


--
-- TOC entry 4858 (class 2606 OID 16550)
-- Name: main_service main_service_pkey; Type: CONSTRAINT; Schema: public; Owner: postgres
--

ALTER TABLE ONLY public.main_service
    ADD CONSTRAINT main_service_pkey PRIMARY KEY (id);


--
-- TOC entry 4873 (class 2606 OID 24790)
-- Name: main_subplan main_subplan_pkey; Type: CONSTRAINT; Schema: public; Owner: postgres
--

ALTER TABLE ONLY public.main_subplan
    ADD CONSTRAINT main_subplan_pkey PRIMARY KEY (id);


--
-- TOC entry 4875 (class 2606 OID 24796)
-- Name: main_subplanfeature main_subplanfeature_pkey; Type: CONSTRAINT; Schema: public; Owner: postgres
--

ALTER TABLE ONLY public.main_subplanfeature
    ADD CONSTRAINT main_subplanfeature_pkey PRIMARY KEY (id);


--
-- TOC entry 4877 (class 2606 OID 41176)
-- Name: main_subplanfeature_subplan main_subplanfeature_subp_subplanfeature_id_subpla_bf605d3c_uniq; Type: CONSTRAINT; Schema: public; Owner: postgres
--

ALTER TABLE ONLY public.main_subplanfeature_subplan
    ADD CONSTRAINT main_subplanfeature_subp_subplanfeature_id_subpla_bf605d3c_uniq UNIQUE (subplanfeature_id, subplan_id);


--
-- TOC entry 4879 (class 2606 OID 41174)
-- Name: main_subplanfeature_subplan main_subplanfeature_subplan_pkey; Type: CONSTRAINT; Schema: public; Owner: postgres
--

ALTER TABLE ONLY public.main_subplanfeature_subplan
    ADD CONSTRAINT main_subplanfeature_subplan_pkey PRIMARY KEY (id);


--
-- TOC entry 4890 (class 2606 OID 41214)
-- Name: main_subscriber main_subscriber_pkey; Type: CONSTRAINT; Schema: public; Owner: postgres
--

ALTER TABLE ONLY public.main_subscriber
    ADD CONSTRAINT main_subscriber_pkey PRIMARY KEY (id);


--
-- TOC entry 4886 (class 2606 OID 41206)
-- Name: main_subscription main_subscription_pkey; Type: CONSTRAINT; Schema: public; Owner: postgres
--

ALTER TABLE ONLY public.main_subscription
    ADD CONSTRAINT main_subscription_pkey PRIMARY KEY (id);


--
-- TOC entry 4893 (class 2606 OID 41240)
-- Name: main_trainer main_trainer_pkey; Type: CONSTRAINT; Schema: public; Owner: postgres
--

ALTER TABLE ONLY public.main_trainer
    ADD CONSTRAINT main_trainer_pkey PRIMARY KEY (id);


--
-- TOC entry 4907 (class 2606 OID 41327)
-- Name: main_traineracheivement main_traineracheivement_pkey; Type: CONSTRAINT; Schema: public; Owner: postgres
--

ALTER TABLE ONLY public.main_traineracheivement
    ADD CONSTRAINT main_traineracheivement_pkey PRIMARY KEY (id);


--
-- TOC entry 4921 (class 2606 OID 41485)
-- Name: main_trainermessage main_trainermessage_pkey; Type: CONSTRAINT; Schema: public; Owner: postgres
--

ALTER TABLE ONLY public.main_trainermessage
    ADD CONSTRAINT main_trainermessage_pkey PRIMARY KEY (id);


--
-- TOC entry 4915 (class 2606 OID 41458)
-- Name: main_trainernotification main_trainernotification_pkey; Type: CONSTRAINT; Schema: public; Owner: postgres
--

ALTER TABLE ONLY public.main_trainernotification
    ADD CONSTRAINT main_trainernotification_pkey PRIMARY KEY (id);


--
-- TOC entry 4913 (class 2606 OID 41369)
-- Name: main_trainernotifications main_trainernotifications_pkey; Type: CONSTRAINT; Schema: public; Owner: postgres
--

ALTER TABLE ONLY public.main_trainernotifications
    ADD CONSTRAINT main_trainernotifications_pkey PRIMARY KEY (id);


--
-- TOC entry 4910 (class 2606 OID 41342)
-- Name: main_trainersalary main_trainersalary_pkey; Type: CONSTRAINT; Schema: public; Owner: postgres
--

ALTER TABLE ONLY public.main_trainersalary
    ADD CONSTRAINT main_trainersalary_pkey PRIMARY KEY (id);


--
-- TOC entry 4930 (class 2606 OID 41514)
-- Name: main_trainersubscriberreport main_trainersubscriberreport_pkey; Type: CONSTRAINT; Schema: public; Owner: postgres
--

ALTER TABLE ONLY public.main_trainersubscriberreport
    ADD CONSTRAINT main_trainersubscriberreport_pkey PRIMARY KEY (id);


--
-- TOC entry 4821 (class 1259 OID 16533)
-- Name: auth_group_name_a6ea08ec_like; Type: INDEX; Schema: public; Owner: postgres
--

CREATE INDEX auth_group_name_a6ea08ec_like ON public.auth_group USING btree (name varchar_pattern_ops);


--
-- TOC entry 4826 (class 1259 OID 16474)
-- Name: auth_group_permissions_group_id_b120cbf9; Type: INDEX; Schema: public; Owner: postgres
--

CREATE INDEX auth_group_permissions_group_id_b120cbf9 ON public.auth_group_permissions USING btree (group_id);


--
-- TOC entry 4829 (class 1259 OID 16475)
-- Name: auth_group_permissions_permission_id_84c5c92e; Type: INDEX; Schema: public; Owner: postgres
--

CREATE INDEX auth_group_permissions_permission_id_84c5c92e ON public.auth_group_permissions USING btree (permission_id);


--
-- TOC entry 4816 (class 1259 OID 16460)
-- Name: auth_permission_content_type_id_2f476e4b; Type: INDEX; Schema: public; Owner: postgres
--

CREATE INDEX auth_permission_content_type_id_2f476e4b ON public.auth_permission USING btree (content_type_id);


--
-- TOC entry 4837 (class 1259 OID 16490)
-- Name: auth_user_groups_group_id_97559544; Type: INDEX; Schema: public; Owner: postgres
--

CREATE INDEX auth_user_groups_group_id_97559544 ON public.auth_user_groups USING btree (group_id);


--
-- TOC entry 4840 (class 1259 OID 16489)
-- Name: auth_user_groups_user_id_6a12ed8b; Type: INDEX; Schema: public; Owner: postgres
--

CREATE INDEX auth_user_groups_user_id_6a12ed8b ON public.auth_user_groups USING btree (user_id);


--
-- TOC entry 4843 (class 1259 OID 16504)
-- Name: auth_user_user_permissions_permission_id_1fbb5f2c; Type: INDEX; Schema: public; Owner: postgres
--

CREATE INDEX auth_user_user_permissions_permission_id_1fbb5f2c ON public.auth_user_user_permissions USING btree (permission_id);


--
-- TOC entry 4846 (class 1259 OID 16503)
-- Name: auth_user_user_permissions_user_id_a95ead1b; Type: INDEX; Schema: public; Owner: postgres
--

CREATE INDEX auth_user_user_permissions_user_id_a95ead1b ON public.auth_user_user_permissions USING btree (user_id);


--
-- TOC entry 4834 (class 1259 OID 16528)
-- Name: auth_user_username_6821ab7c_like; Type: INDEX; Schema: public; Owner: postgres
--

CREATE INDEX auth_user_username_6821ab7c_like ON public.auth_user USING btree (username varchar_pattern_ops);


--
-- TOC entry 4849 (class 1259 OID 16524)
-- Name: django_admin_log_content_type_id_c4bce8eb; Type: INDEX; Schema: public; Owner: postgres
--

CREATE INDEX django_admin_log_content_type_id_c4bce8eb ON public.django_admin_log USING btree (content_type_id);


--
-- TOC entry 4852 (class 1259 OID 16525)
-- Name: django_admin_log_user_id_c564eba6; Type: INDEX; Schema: public; Owner: postgres
--

CREATE INDEX django_admin_log_user_id_c564eba6 ON public.django_admin_log USING btree (user_id);


--
-- TOC entry 4853 (class 1259 OID 16542)
-- Name: django_session_expire_date_a5c62663; Type: INDEX; Schema: public; Owner: postgres
--

CREATE INDEX django_session_expire_date_a5c62663 ON public.django_session USING btree (expire_date);


--
-- TOC entry 4856 (class 1259 OID 16541)
-- Name: django_session_session_key_c0390e0f_like; Type: INDEX; Schema: public; Owner: postgres
--

CREATE INDEX django_session_session_key_c0390e0f_like ON public.django_session USING btree (session_key varchar_pattern_ops);


--
-- TOC entry 4924 (class 1259 OID 41506)
-- Name: django_site_domain_a2e37b91_like; Type: INDEX; Schema: public; Owner: postgres
--

CREATE INDEX django_site_domain_a2e37b91_like ON public.django_site USING btree (domain varchar_pattern_ops);


--
-- TOC entry 4904 (class 1259 OID 41312)
-- Name: main_assignsubscriber_trainer_id_68159959; Type: INDEX; Schema: public; Owner: postgres
--

CREATE INDEX main_assignsubscriber_trainer_id_68159959 ON public.main_assignsubscriber USING btree (trainer_id);


--
-- TOC entry 4905 (class 1259 OID 41318)
-- Name: main_assignsubscriber_user_id_ddb1b6bb; Type: INDEX; Schema: public; Owner: postgres
--

CREATE INDEX main_assignsubscriber_user_id_ddb1b6bb ON public.main_assignsubscriber USING btree (user_id);


--
-- TOC entry 4869 (class 1259 OID 24784)
-- Name: main_galleryimage_gallery_id_1cb3d125; Type: INDEX; Schema: public; Owner: postgres
--

CREATE INDEX main_galleryimage_gallery_id_1cb3d125 ON public.main_galleryimage USING btree (gallery_id);


--
-- TOC entry 4916 (class 1259 OID 41476)
-- Name: main_notiftrainerstatus_notif_id_632bfcb5; Type: INDEX; Schema: public; Owner: postgres
--

CREATE INDEX main_notiftrainerstatus_notif_id_632bfcb5 ON public.main_notiftrainerstatus USING btree (notif_id);


--
-- TOC entry 4919 (class 1259 OID 41477)
-- Name: main_notiftrainerstatus_trainer_id_8c91e0ae; Type: INDEX; Schema: public; Owner: postgres
--

CREATE INDEX main_notiftrainerstatus_trainer_id_8c91e0ae ON public.main_notiftrainerstatus USING btree (trainer_id);


--
-- TOC entry 4898 (class 1259 OID 41283)
-- Name: main_notifuserstatus_notif_id_8d22acc2; Type: INDEX; Schema: public; Owner: postgres
--

CREATE INDEX main_notifuserstatus_notif_id_8d22acc2 ON public.main_notifuserstatus USING btree (notif_id);


--
-- TOC entry 4901 (class 1259 OID 41445)
-- Name: main_notifuserstatus_user_id_196b7d7e; Type: INDEX; Schema: public; Owner: postgres
--

CREATE INDEX main_notifuserstatus_user_id_196b7d7e ON public.main_notifuserstatus USING btree (user_id);


--
-- TOC entry 4896 (class 1259 OID 41265)
-- Name: main_notify_read_by_trainer_id_3f0d1b22; Type: INDEX; Schema: public; Owner: postgres
--

CREATE INDEX main_notify_read_by_trainer_id_3f0d1b22 ON public.main_notify USING btree (read_by_trainer_id);


--
-- TOC entry 4897 (class 1259 OID 41266)
-- Name: main_notify_read_by_user_id_b215073b; Type: INDEX; Schema: public; Owner: postgres
--

CREATE INDEX main_notify_read_by_user_id_b215073b ON public.main_notify USING btree (read_by_user_id);


--
-- TOC entry 4884 (class 1259 OID 41200)
-- Name: main_plandiscount_subplan_id_dac208ed; Type: INDEX; Schema: public; Owner: postgres
--

CREATE INDEX main_plandiscount_subplan_id_dac208ed ON public.main_plandiscount USING btree (subplan_id);


--
-- TOC entry 4880 (class 1259 OID 41188)
-- Name: main_subplanfeature_subplan_subplan_id_7f529d09; Type: INDEX; Schema: public; Owner: postgres
--

CREATE INDEX main_subplanfeature_subplan_subplan_id_7f529d09 ON public.main_subplanfeature_subplan USING btree (subplan_id);


--
-- TOC entry 4881 (class 1259 OID 41187)
-- Name: main_subplanfeature_subplan_subplanfeature_id_271236cf; Type: INDEX; Schema: public; Owner: postgres
--

CREATE INDEX main_subplanfeature_subplan_subplanfeature_id_271236cf ON public.main_subplanfeature_subplan USING btree (subplanfeature_id);


--
-- TOC entry 4891 (class 1259 OID 41232)
-- Name: main_subscriber_user_id_3a1710f0; Type: INDEX; Schema: public; Owner: postgres
--

CREATE INDEX main_subscriber_user_id_3a1710f0 ON public.main_subscriber USING btree (user_id);


--
-- TOC entry 4887 (class 1259 OID 41225)
-- Name: main_subscription_plan_id_7c4ae514; Type: INDEX; Schema: public; Owner: postgres
--

CREATE INDEX main_subscription_plan_id_7c4ae514 ON public.main_subscription USING btree (plan_id);


--
-- TOC entry 4888 (class 1259 OID 41226)
-- Name: main_subscription_user_id_1046b95d; Type: INDEX; Schema: public; Owner: postgres
--

CREATE INDEX main_subscription_user_id_1046b95d ON public.main_subscription USING btree (user_id);


--
-- TOC entry 4908 (class 1259 OID 41333)
-- Name: main_traineracheivement_trainer_id_0dfd6bf3; Type: INDEX; Schema: public; Owner: postgres
--

CREATE INDEX main_traineracheivement_trainer_id_0dfd6bf3 ON public.main_traineracheivement USING btree (trainer_id);


--
-- TOC entry 4922 (class 1259 OID 41496)
-- Name: main_trainermessage_trainer_id_805a2fef; Type: INDEX; Schema: public; Owner: postgres
--

CREATE INDEX main_trainermessage_trainer_id_805a2fef ON public.main_trainermessage USING btree (trainer_id);


--
-- TOC entry 4923 (class 1259 OID 41497)
-- Name: main_trainermessage_user_id_97acf926; Type: INDEX; Schema: public; Owner: postgres
--

CREATE INDEX main_trainermessage_user_id_97acf926 ON public.main_trainermessage USING btree (user_id);


--
-- TOC entry 4911 (class 1259 OID 41348)
-- Name: main_trainersalary_trainer_id_66395ee6; Type: INDEX; Schema: public; Owner: postgres
--

CREATE INDEX main_trainersalary_trainer_id_66395ee6 ON public.main_trainersalary USING btree (trainer_id);


--
-- TOC entry 4931 (class 1259 OID 41535)
-- Name: main_trainersubscriberreport_report_for_trainer_id_b5b188b6; Type: INDEX; Schema: public; Owner: postgres
--

CREATE INDEX main_trainersubscriberreport_report_for_trainer_id_b5b188b6 ON public.main_trainersubscriberreport USING btree (report_for_trainer_id);


--
-- TOC entry 4932 (class 1259 OID 41536)
-- Name: main_trainersubscriberreport_report_for_user_id_70c95482; Type: INDEX; Schema: public; Owner: postgres
--

CREATE INDEX main_trainersubscriberreport_report_for_user_id_70c95482 ON public.main_trainersubscriberreport USING btree (report_for_user_id);


--
-- TOC entry 4933 (class 1259 OID 41537)
-- Name: main_trainersubscriberreport_report_from_trainer_id_c5480c4b; Type: INDEX; Schema: public; Owner: postgres
--

CREATE INDEX main_trainersubscriberreport_report_from_trainer_id_c5480c4b ON public.main_trainersubscriberreport USING btree (report_from_trainer_id);


--
-- TOC entry 4934 (class 1259 OID 41538)
-- Name: main_trainersubscriberreport_report_from_user_id_982c87ca; Type: INDEX; Schema: public; Owner: postgres
--

CREATE INDEX main_trainersubscriberreport_report_from_user_id_982c87ca ON public.main_trainersubscriberreport USING btree (report_from_user_id);


--
-- TOC entry 4938 (class 2606 OID 16469)
-- Name: auth_group_permissions auth_group_permissio_permission_id_84c5c92e_fk_auth_perm; Type: FK CONSTRAINT; Schema: public; Owner: postgres
--

ALTER TABLE ONLY public.auth_group_permissions
    ADD CONSTRAINT auth_group_permissio_permission_id_84c5c92e_fk_auth_perm FOREIGN KEY (permission_id) REFERENCES public.auth_permission(id) DEFERRABLE INITIALLY DEFERRED;


--
-- TOC entry 4939 (class 2606 OID 16464)
-- Name: auth_group_permissions auth_group_permissions_group_id_b120cbf9_fk_auth_group_id; Type: FK CONSTRAINT; Schema: public; Owner: postgres
--

ALTER TABLE ONLY public.auth_group_permissions
    ADD CONSTRAINT auth_group_permissions_group_id_b120cbf9_fk_auth_group_id FOREIGN KEY (group_id) REFERENCES public.auth_group(id) DEFERRABLE INITIALLY DEFERRED;


--
-- TOC entry 4937 (class 2606 OID 16455)
-- Name: auth_permission auth_permission_content_type_id_2f476e4b_fk_django_co; Type: FK CONSTRAINT; Schema: public; Owner: postgres
--

ALTER TABLE ONLY public.auth_permission
    ADD CONSTRAINT auth_permission_content_type_id_2f476e4b_fk_django_co FOREIGN KEY (content_type_id) REFERENCES public.django_content_type(id) DEFERRABLE INITIALLY DEFERRED;


--
-- TOC entry 4940 (class 2606 OID 16484)
-- Name: auth_user_groups auth_user_groups_group_id_97559544_fk_auth_group_id; Type: FK CONSTRAINT; Schema: public; Owner: postgres
--

ALTER TABLE ONLY public.auth_user_groups
    ADD CONSTRAINT auth_user_groups_group_id_97559544_fk_auth_group_id FOREIGN KEY (group_id) REFERENCES public.auth_group(id) DEFERRABLE INITIALLY DEFERRED;


--
-- TOC entry 4941 (class 2606 OID 16479)
-- Name: auth_user_groups auth_user_groups_user_id_6a12ed8b_fk_auth_user_id; Type: FK CONSTRAINT; Schema: public; Owner: postgres
--

ALTER TABLE ONLY public.auth_user_groups
    ADD CONSTRAINT auth_user_groups_user_id_6a12ed8b_fk_auth_user_id FOREIGN KEY (user_id) REFERENCES public.auth_user(id) DEFERRABLE INITIALLY DEFERRED;


--
-- TOC entry 4942 (class 2606 OID 16498)
-- Name: auth_user_user_permissions auth_user_user_permi_permission_id_1fbb5f2c_fk_auth_perm; Type: FK CONSTRAINT; Schema: public; Owner: postgres
--

ALTER TABLE ONLY public.auth_user_user_permissions
    ADD CONSTRAINT auth_user_user_permi_permission_id_1fbb5f2c_fk_auth_perm FOREIGN KEY (permission_id) REFERENCES public.auth_permission(id) DEFERRABLE INITIALLY DEFERRED;


--
-- TOC entry 4943 (class 2606 OID 16493)
-- Name: auth_user_user_permissions auth_user_user_permissions_user_id_a95ead1b_fk_auth_user_id; Type: FK CONSTRAINT; Schema: public; Owner: postgres
--

ALTER TABLE ONLY public.auth_user_user_permissions
    ADD CONSTRAINT auth_user_user_permissions_user_id_a95ead1b_fk_auth_user_id FOREIGN KEY (user_id) REFERENCES public.auth_user(id) DEFERRABLE INITIALLY DEFERRED;


--
-- TOC entry 4944 (class 2606 OID 16514)
-- Name: django_admin_log django_admin_log_content_type_id_c4bce8eb_fk_django_co; Type: FK CONSTRAINT; Schema: public; Owner: postgres
--

ALTER TABLE ONLY public.django_admin_log
    ADD CONSTRAINT django_admin_log_content_type_id_c4bce8eb_fk_django_co FOREIGN KEY (content_type_id) REFERENCES public.django_content_type(id) DEFERRABLE INITIALLY DEFERRED;


--
-- TOC entry 4945 (class 2606 OID 16519)
-- Name: django_admin_log django_admin_log_user_id_c564eba6_fk_auth_user_id; Type: FK CONSTRAINT; Schema: public; Owner: postgres
--

ALTER TABLE ONLY public.django_admin_log
    ADD CONSTRAINT django_admin_log_user_id_c564eba6_fk_auth_user_id FOREIGN KEY (user_id) REFERENCES public.auth_user(id) DEFERRABLE INITIALLY DEFERRED;


--
-- TOC entry 4957 (class 2606 OID 41306)
-- Name: main_assignsubscriber main_assignsubscriber_trainer_id_68159959_fk_main_trainer_id; Type: FK CONSTRAINT; Schema: public; Owner: postgres
--

ALTER TABLE ONLY public.main_assignsubscriber
    ADD CONSTRAINT main_assignsubscriber_trainer_id_68159959_fk_main_trainer_id FOREIGN KEY (trainer_id) REFERENCES public.main_trainer(id) DEFERRABLE INITIALLY DEFERRED;


--
-- TOC entry 4958 (class 2606 OID 41313)
-- Name: main_assignsubscriber main_assignsubscriber_user_id_ddb1b6bb_fk_auth_user_id; Type: FK CONSTRAINT; Schema: public; Owner: postgres
--

ALTER TABLE ONLY public.main_assignsubscriber
    ADD CONSTRAINT main_assignsubscriber_user_id_ddb1b6bb_fk_auth_user_id FOREIGN KEY (user_id) REFERENCES public.auth_user(id) DEFERRABLE INITIALLY DEFERRED;


--
-- TOC entry 4946 (class 2606 OID 24779)
-- Name: main_galleryimage main_galleryimage_gallery_id_1cb3d125_fk_main_gallery_id; Type: FK CONSTRAINT; Schema: public; Owner: postgres
--

ALTER TABLE ONLY public.main_galleryimage
    ADD CONSTRAINT main_galleryimage_gallery_id_1cb3d125_fk_main_gallery_id FOREIGN KEY (gallery_id) REFERENCES public.main_gallery(id) DEFERRABLE INITIALLY DEFERRED;


--
-- TOC entry 4961 (class 2606 OID 41466)
-- Name: main_notiftrainerstatus main_notiftrainersta_notif_id_632bfcb5_fk_main_trai; Type: FK CONSTRAINT; Schema: public; Owner: postgres
--

ALTER TABLE ONLY public.main_notiftrainerstatus
    ADD CONSTRAINT main_notiftrainersta_notif_id_632bfcb5_fk_main_trai FOREIGN KEY (notif_id) REFERENCES public.main_trainernotification(id) DEFERRABLE INITIALLY DEFERRED;


--
-- TOC entry 4962 (class 2606 OID 41471)
-- Name: main_notiftrainerstatus main_notiftrainerstatus_trainer_id_8c91e0ae_fk_main_trainer_id; Type: FK CONSTRAINT; Schema: public; Owner: postgres
--

ALTER TABLE ONLY public.main_notiftrainerstatus
    ADD CONSTRAINT main_notiftrainerstatus_trainer_id_8c91e0ae_fk_main_trainer_id FOREIGN KEY (trainer_id) REFERENCES public.main_trainer(id) DEFERRABLE INITIALLY DEFERRED;


--
-- TOC entry 4955 (class 2606 OID 41290)
-- Name: main_notifuserstatus main_notifuserstatus_notif_id_8d22acc2_fk_main_notify_id; Type: FK CONSTRAINT; Schema: public; Owner: postgres
--

ALTER TABLE ONLY public.main_notifuserstatus
    ADD CONSTRAINT main_notifuserstatus_notif_id_8d22acc2_fk_main_notify_id FOREIGN KEY (notif_id) REFERENCES public.main_notify(id) DEFERRABLE INITIALLY DEFERRED;


--
-- TOC entry 4956 (class 2606 OID 41446)
-- Name: main_notifuserstatus main_notifuserstatus_user_id_196b7d7e_fk_auth_user_id; Type: FK CONSTRAINT; Schema: public; Owner: postgres
--

ALTER TABLE ONLY public.main_notifuserstatus
    ADD CONSTRAINT main_notifuserstatus_user_id_196b7d7e_fk_auth_user_id FOREIGN KEY (user_id) REFERENCES public.auth_user(id) DEFERRABLE INITIALLY DEFERRED;


--
-- TOC entry 4953 (class 2606 OID 41255)
-- Name: main_notify main_notify_read_by_trainer_id_3f0d1b22_fk_main_trainer_id; Type: FK CONSTRAINT; Schema: public; Owner: postgres
--

ALTER TABLE ONLY public.main_notify
    ADD CONSTRAINT main_notify_read_by_trainer_id_3f0d1b22_fk_main_trainer_id FOREIGN KEY (read_by_trainer_id) REFERENCES public.main_trainer(id) DEFERRABLE INITIALLY DEFERRED;


--
-- TOC entry 4954 (class 2606 OID 41260)
-- Name: main_notify main_notify_read_by_user_id_b215073b_fk_auth_user_id; Type: FK CONSTRAINT; Schema: public; Owner: postgres
--

ALTER TABLE ONLY public.main_notify
    ADD CONSTRAINT main_notify_read_by_user_id_b215073b_fk_auth_user_id FOREIGN KEY (read_by_user_id) REFERENCES public.auth_user(id) DEFERRABLE INITIALLY DEFERRED;


--
-- TOC entry 4949 (class 2606 OID 41195)
-- Name: main_plandiscount main_plandiscount_subplan_id_dac208ed_fk_main_subplan_id; Type: FK CONSTRAINT; Schema: public; Owner: postgres
--

ALTER TABLE ONLY public.main_plandiscount
    ADD CONSTRAINT main_plandiscount_subplan_id_dac208ed_fk_main_subplan_id FOREIGN KEY (subplan_id) REFERENCES public.main_subplan(id) DEFERRABLE INITIALLY DEFERRED;


--
-- TOC entry 4947 (class 2606 OID 41182)
-- Name: main_subplanfeature_subplan main_subplanfeature__subplan_id_7f529d09_fk_main_subp; Type: FK CONSTRAINT; Schema: public; Owner: postgres
--

ALTER TABLE ONLY public.main_subplanfeature_subplan
    ADD CONSTRAINT main_subplanfeature__subplan_id_7f529d09_fk_main_subp FOREIGN KEY (subplan_id) REFERENCES public.main_subplan(id) DEFERRABLE INITIALLY DEFERRED;


--
-- TOC entry 4948 (class 2606 OID 41177)
-- Name: main_subplanfeature_subplan main_subplanfeature__subplanfeature_id_271236cf_fk_main_subp; Type: FK CONSTRAINT; Schema: public; Owner: postgres
--

ALTER TABLE ONLY public.main_subplanfeature_subplan
    ADD CONSTRAINT main_subplanfeature__subplanfeature_id_271236cf_fk_main_subp FOREIGN KEY (subplanfeature_id) REFERENCES public.main_subplanfeature(id) DEFERRABLE INITIALLY DEFERRED;


--
-- TOC entry 4952 (class 2606 OID 41227)
-- Name: main_subscriber main_subscriber_user_id_3a1710f0_fk_auth_user_id; Type: FK CONSTRAINT; Schema: public; Owner: postgres
--

ALTER TABLE ONLY public.main_subscriber
    ADD CONSTRAINT main_subscriber_user_id_3a1710f0_fk_auth_user_id FOREIGN KEY (user_id) REFERENCES public.auth_user(id) DEFERRABLE INITIALLY DEFERRED;


--
-- TOC entry 4950 (class 2606 OID 41215)
-- Name: main_subscription main_subscription_plan_id_7c4ae514_fk_main_subplan_id; Type: FK CONSTRAINT; Schema: public; Owner: postgres
--

ALTER TABLE ONLY public.main_subscription
    ADD CONSTRAINT main_subscription_plan_id_7c4ae514_fk_main_subplan_id FOREIGN KEY (plan_id) REFERENCES public.main_subplan(id) DEFERRABLE INITIALLY DEFERRED;


--
-- TOC entry 4951 (class 2606 OID 41220)
-- Name: main_subscription main_subscription_user_id_1046b95d_fk_auth_user_id; Type: FK CONSTRAINT; Schema: public; Owner: postgres
--

ALTER TABLE ONLY public.main_subscription
    ADD CONSTRAINT main_subscription_user_id_1046b95d_fk_auth_user_id FOREIGN KEY (user_id) REFERENCES public.auth_user(id) DEFERRABLE INITIALLY DEFERRED;


--
-- TOC entry 4959 (class 2606 OID 41328)
-- Name: main_traineracheivement main_traineracheivement_trainer_id_0dfd6bf3_fk_main_trainer_id; Type: FK CONSTRAINT; Schema: public; Owner: postgres
--

ALTER TABLE ONLY public.main_traineracheivement
    ADD CONSTRAINT main_traineracheivement_trainer_id_0dfd6bf3_fk_main_trainer_id FOREIGN KEY (trainer_id) REFERENCES public.main_trainer(id) DEFERRABLE INITIALLY DEFERRED;


--
-- TOC entry 4963 (class 2606 OID 41486)
-- Name: main_trainermessage main_trainermessage_trainer_id_805a2fef_fk_main_trainer_id; Type: FK CONSTRAINT; Schema: public; Owner: postgres
--

ALTER TABLE ONLY public.main_trainermessage
    ADD CONSTRAINT main_trainermessage_trainer_id_805a2fef_fk_main_trainer_id FOREIGN KEY (trainer_id) REFERENCES public.main_trainer(id) DEFERRABLE INITIALLY DEFERRED;


--
-- TOC entry 4964 (class 2606 OID 41491)
-- Name: main_trainermessage main_trainermessage_user_id_97acf926_fk_auth_user_id; Type: FK CONSTRAINT; Schema: public; Owner: postgres
--

ALTER TABLE ONLY public.main_trainermessage
    ADD CONSTRAINT main_trainermessage_user_id_97acf926_fk_auth_user_id FOREIGN KEY (user_id) REFERENCES public.auth_user(id) DEFERRABLE INITIALLY DEFERRED;


--
-- TOC entry 4960 (class 2606 OID 41343)
-- Name: main_trainersalary main_trainersalary_trainer_id_66395ee6_fk_main_trainer_id; Type: FK CONSTRAINT; Schema: public; Owner: postgres
--

ALTER TABLE ONLY public.main_trainersalary
    ADD CONSTRAINT main_trainersalary_trainer_id_66395ee6_fk_main_trainer_id FOREIGN KEY (trainer_id) REFERENCES public.main_trainer(id) DEFERRABLE INITIALLY DEFERRED;


--
-- TOC entry 4965 (class 2606 OID 41515)
-- Name: main_trainersubscriberreport main_trainersubscrib_report_for_trainer_i_b5b188b6_fk_main_trai; Type: FK CONSTRAINT; Schema: public; Owner: postgres
--

ALTER TABLE ONLY public.main_trainersubscriberreport
    ADD CONSTRAINT main_trainersubscrib_report_for_trainer_i_b5b188b6_fk_main_trai FOREIGN KEY (report_for_trainer_id) REFERENCES public.main_trainer(id) DEFERRABLE INITIALLY DEFERRED;


--
-- TOC entry 4966 (class 2606 OID 41520)
-- Name: main_trainersubscriberreport main_trainersubscrib_report_for_user_id_70c95482_fk_auth_user; Type: FK CONSTRAINT; Schema: public; Owner: postgres
--

ALTER TABLE ONLY public.main_trainersubscriberreport
    ADD CONSTRAINT main_trainersubscrib_report_for_user_id_70c95482_fk_auth_user FOREIGN KEY (report_for_user_id) REFERENCES public.auth_user(id) DEFERRABLE INITIALLY DEFERRED;


--
-- TOC entry 4967 (class 2606 OID 41525)
-- Name: main_trainersubscriberreport main_trainersubscrib_report_from_trainer__c5480c4b_fk_main_trai; Type: FK CONSTRAINT; Schema: public; Owner: postgres
--

ALTER TABLE ONLY public.main_trainersubscriberreport
    ADD CONSTRAINT main_trainersubscrib_report_from_trainer__c5480c4b_fk_main_trai FOREIGN KEY (report_from_trainer_id) REFERENCES public.main_trainer(id) DEFERRABLE INITIALLY DEFERRED;


--
-- TOC entry 4968 (class 2606 OID 41530)
-- Name: main_trainersubscriberreport main_trainersubscrib_report_from_user_id_982c87ca_fk_auth_user; Type: FK CONSTRAINT; Schema: public; Owner: postgres
--

ALTER TABLE ONLY public.main_trainersubscriberreport
    ADD CONSTRAINT main_trainersubscrib_report_from_user_id_982c87ca_fk_auth_user FOREIGN KEY (report_from_user_id) REFERENCES public.auth_user(id) DEFERRABLE INITIALLY DEFERRED;


-- Completed on 2024-09-22 14:39:16

--
-- PostgreSQL database dump complete
--

